code,name,naverlink,fnlink,est_level,price,pegr,cur_per,est_price,est_price1,est_price2,disparity,disparity1,disparity2,rep_roe,is_cheap_comp_per,eps_level,eps,eps_expect,eps_expect_this_year_ratio,eps_list,eps증가율,eps증가율기하평균,EPS최근증가율,EPS증가율_ORG,EPS증가율_AVG,market_cap,trading_cnt,지배주주자본,최대주주지분율,ROE,PER,매출액,영업이익,자기주식수,배당수익률,True
A000270,기아,"=HYPERLINK(""https://finance.naver.com/item/coinfo.nhn?code=000270"", ""A000270"")","=HYPERLINK(""http://comp.fnguide.com/SVO2/ASP/SVD_Consensus.asp?pGB=1&gicode=A000270&cID=&MenuYn=Y&ReportGB=&NewMenuID=108&stkGb=701"", ""기아"")",3,161100,-8.9,6.37,236808,194510,179687,46.99,20.74,11.54,16.23,True,1,19111.0,21310.0,11.5,"[21770.0, 24413.0, 19111.0, 21310.0]","[12.1, -21.7, 11.5]",-0.7156613266420586,-22.0,"[13.6, 63.1, 12.1, -21.7, -22.0]",4.871831810635907,628955.0,1077583,"[465524.0, 558312.0, 611879.0, 670599.0]",36.99,"[20.44, 19.09, 12.92, 12.97]","[4.59, 4.12, 6.37, 7.56]",1141409.0,90781.0,1756955.0,5.58,True
A015760,한국전력,"=HYPERLINK(""https://finance.naver.com/item/coinfo.nhn?code=015760"", ""A015760"")","=HYPERLINK(""http://comp.fnguide.com/SVO2/ASP/SVD_Consensus.asp?pGB=1&gicode=A015760&cID=&MenuYn=Y&ReportGB=&NewMenuID=108&stkGb=701"", ""한국전력"")",3,38100,0.0,3.55,88828,81478,78902,133.14,113.85,107.09,12.77,True,0,13311.0,8903.0,-33.1,"[-7512.0, 5439.0, 13311.0, 8903.0]","[-172.4, 144.7, -33.1]",0.0,7.1,"[nan, nan, nan, 144.7, 7.1]",0.0,244588.0,2208549,"[358450.0, 399152.0, 481699.0, 528257.0]",51.11,"[-12.63, 9.22, 19.4, 11.32]","[nan, 3.69, 3.55, 4.28]",974293.0,134906.0,,3.27,True
A138040,메리츠금융지주,"=HYPERLINK(""https://finance.naver.com/item/coinfo.nhn?code=138040"", ""A138040"")","=HYPERLINK(""http://comp.fnguide.com/SVO2/ASP/SVD_Consensus.asp?pGB=1&gicode=A138040&cID=&MenuYn=Y&ReportGB=&NewMenuID=108&stkGb=701"", ""메리츠금융지주"")",1,107300,0.81,8.91,140233,99435,85137,30.69,-7.33,-20.65,23.76,True,3,12698.0,14331.0,12.9,"[10468.0, 11897.0, 12698.0, 14331.0]","[13.7, 6.7, 12.9]",11.055381583725321,3.6,"[4.0, 4.2, -1.2, 1.6, 3.6]",2.419415552429549,179564.0,279894,"[95819.0, 100944.0, 103226.0, 109195.0]",58.78,"[28.11, 23.44, 22.53, 22.76]","[5.65, 8.74, 8.91, 7.49]",41459.0,28727.0,5231200.0,,True
A071050,한국금융지주,"=HYPERLINK(""https://finance.naver.com/item/coinfo.nhn?code=071050"", ""A071050"")","=HYPERLINK(""http://comp.fnguide.com/SVO2/ASP/SVD_Consensus.asp?pGB=1&gicode=A071050&cID=&MenuYn=Y&ReportGB=&NewMenuID=108&stkGb=701"", ""한국금융지주"")",3,246500,0.09,4.93,309096,265738,250543,25.39,7.8,1.64,14.65,True,3,32808.0,43853.0,33.7,"[11480.0, 16883.0, 32808.0, 43853.0]","[47.1, 94.3, 33.7]",56.34078689883295,-1.9,"[-0.7, -1.4, -2.9, -2.4, -1.9]",-1.862985086075064,137365.0,417721,"[83737.0, 96508.0, 120103.0, 138744.0]",21.3,"[8.81, 11.54, 18.66, 20.87]","[5.34, 4.22, 4.93, 5.62]",40358.0,23453.0,2987479.0,5.37,True
A039490,키움증권,"=HYPERLINK(""https://finance.naver.com/item/coinfo.nhn?code=039490"", ""A039490"")","=HYPERLINK(""http://comp.fnguide.com/SVO2/ASP/SVD_Consensus.asp?pGB=1&gicode=A039490&cID=&MenuYn=Y&ReportGB=&NewMenuID=108&stkGb=701"", ""키움증권"")",1,364000,0.12,7.15,377424,312513,289766,3.69,-14.14,-20.39,15.93,True,3,40504.0,59876.0,47.8,"[15021.0, 29304.0, 40504.0, 59876.0]","[95.1, 38.2, 47.8]",58.542821257598376,27.9,"[11.5, 9.3, 16.0, 18.1, 27.9]",16.38437859670292,95471.0,123458,"[48607.0, 55877.0, 67044.0, 78100.0]",42.49,"[9.27, 15.98, 18.12, 21.92]","[6.62, 3.97, 7.15, 6.08]",23962.0,14882.0,,3.97,True
A005830,DB손해보험,"=HYPERLINK(""https://finance.naver.com/item/coinfo.nhn?code=005830"", ""A005830"")","=HYPERLINK(""http://comp.fnguide.com/SVO2/ASP/SVD_Consensus.asp?pGB=1&gicode=A005830&cID=&MenuYn=Y&ReportGB=&NewMenuID=108&stkGb=701"", ""DB손해보험"")",3,142400,-2.97,5.19,295739,233754,212032,107.68,64.15,48.9,17.79,True,0,25263.0,23285.0,-7.8,"[24556.0, 26152.0, 25263.0, 23285.0]","[6.5, -3.4, -7.8]",-1.7454769675439241,17.7,"[13.3, 21.8, 15.6, 19.0, 17.7]",17.444231735265483,93273.0,172623,"[102365.0, 92966.0, 108808.0, 110240.0]",27.5,"[15.63, 18.96, 17.72, 14.12]","[3.41, 3.93, 5.19, 6.12]",165596.0,23840.0,4856880.0,5.8,True
A175330,JB금융지주,"=HYPERLINK(""https://finance.naver.com/item/coinfo.nhn?code=175330"", ""A175330"")","=HYPERLINK(""http://comp.fnguide.com/SVO2/ASP/SVD_Consensus.asp?pGB=1&gicode=A175330&cID=&MenuYn=Y&ReportGB=&NewMenuID=108&stkGb=701"", ""JB금융지주"")",3,25750,0.72,6.96,37186,34496,33553,44.41,33.97,30.3,12.48,True,3,3688.0,3933.0,6.6,"[2975.0, 3469.0, 3688.0, 3933.0]","[16.6, 6.3, 6.6]",9.731084942008227,4.1,"[3.5, 4.0, 4.1, 4.1, 4.1]",3.959737809948738,48475.0,542090,"[50028.0, 55806.0, 59146.0, 62977.0]",14.99,"[12.23, 12.8, 12.36, 12.14]","[3.83, 4.69, 6.96, 6.55]",35719.0,9523.0,4215140.0,4.44,True
A002380,KCC,"=HYPERLINK(""https://finance.naver.com/item/coinfo.nhn?code=002380"", ""A002380"")","=HYPERLINK(""http://comp.fnguide.com/SVO2/ASP/SVD_Consensus.asp?pGB=1&gicode=A002380&cID=&MenuYn=Y&ReportGB=&NewMenuID=108&stkGb=701"", ""KCC"")",3,542000,0.03,2.43,1443257,1241126,1170292,166.28,128.99,115.92,14.64,False,0,173128.0,117491.0,-32.1,"[23931.0, 38691.0, 173128.0, 117491.0]","[61.7, 347.5, -32.1]",70.00340160436902,392.5,"[nan, 528.0, 61.7, 347.5, 392.5]",0.0,46574.0,32420,"[51774.0, 52660.0, 78245.0, 82161.0]",35.57,"[4.13, 6.58, 23.51, 12.73]","[9.55, 6.09, 2.43, 4.61]",64838.0,4276.0,1238725.0,3.57,True
A111770,영원무역,"=HYPERLINK(""https://finance.naver.com/item/coinfo.nhn?code=111770"", ""A111770"")","=HYPERLINK(""http://comp.fnguide.com/SVO2/ASP/SVD_Consensus.asp?pGB=1&gicode=A111770&cID=&MenuYn=Y&ReportGB=&NewMenuID=108&stkGb=701"", ""영원무역"")",3,79800,1.73,7.36,118298,106497,102362,48.24,33.46,28.27,13.28,True,2,11109.0,13181.0,18.7,"[11644.0, 9637.0, 11109.0, 13181.0]","[-17.2, 15.3, 18.7]",4.256575193862466,68.9,"[126.3, -23.5, -17.2, 15.3, 68.9]",22.79114711174488,35361.0,61541,"[32467.0, 36867.0, 40923.0, 45983.0]",50.75,"[17.03, 12.32, 12.66, 13.44]","[3.92, 4.4, 7.36, 6.05]",40636.0,5144.0,1751356.0,2.57,True
A005850,에스엘,"=HYPERLINK(""https://finance.naver.com/item/coinfo.nhn?code=005850"", ""A005850"")","=HYPERLINK(""http://comp.fnguide.com/SVO2/ASP/SVD_Consensus.asp?pGB=1&gicode=A005850&cID=&MenuYn=Y&ReportGB=&NewMenuID=108&stkGb=701"", ""에스엘"")",1,69700,1.36,6.4,78845,66363,61989,13.12,-4.79,-11.06,15.35,True,1,6692.0,8293.0,23.9,"[7223.0, 7930.0, 6692.0, 8293.0]","[9.8, -15.6, 23.9]",4.714148218180969,32.3,"[64.4, 119.6, 9.8, -15.6, 32.3]",34.65043351358115,32375.0,152377,"[19284.0, 22998.0, 25525.0, 27966.0]",62.92,"[18.83, 17.42, 12.81, 14.4]","[4.94, 3.8, 6.4, 8.4]",52399.0,4071.0,393058.0,6.46,True
A383220,F&F,"=HYPERLINK(""https://finance.naver.com/item/coinfo.nhn?code=383220"", ""A383220"")","=HYPERLINK(""http://comp.fnguide.com/SVO2/ASP/SVD_Consensus.asp?pGB=1&gicode=A383220&cID=&MenuYn=Y&ReportGB=&NewMenuID=108&stkGb=701"", ""F&F"")",2,73700,1.38,6.58,122676,84013,70463,66.45,13.99,-4.39,26.41,True,2,10404.0,12759.0,22.6,"[11096.0, 9408.0, 10404.0, 12759.0]","[-15.2, 10.6, 22.6]",4.764420841997374,138.0,"[95.7, -3.8, -15.2, 10.6, 138.0]",33.259680228602996,28232.0,122773,"[12905.0, 15622.0, 18787.0, 22661.0]",62.82,"[38.43, 25.27, 23.16, 23.58]","[8.04, 5.77, 6.58, 5.78]",19340.0,4686.0,825501.0,3.94,True
A009970,영원무역홀딩스,"=HYPERLINK(""https://finance.naver.com/item/coinfo.nhn?code=009970"", ""A009970"")","=HYPERLINK(""http://comp.fnguide.com/SVO2/ASP/SVD_Consensus.asp?pGB=1&gicode=A009970&cID=&MenuYn=Y&ReportGB=&NewMenuID=108&stkGb=701"", ""영원무역홀딩스"")",3,186000,0.0,7.06,344099,306016,292670,85.0,64.52,57.35,13.62,True,0,27133.0,,,"[27262.0, 24492.0, 27133.0, nan]","[-10.2, 10.8, nan]",0.0,40.4,"[99.7, -15.7, -10.2, 10.8, 40.4]",18.65273923852675,25109.0,15850,"[23555.0, 27149.0, 30152.0, nan]",46.75,"[16.88, 13.17, 12.83, nan]","[2.86, 3.4, 7.06, nan]",48950.0,7355.0,1894339.0,3.43,True
A007340,DN오토모티브,"=HYPERLINK(""https://finance.naver.com/item/coinfo.nhn?code=007340"", ""A007340"")","=HYPERLINK(""http://comp.fnguide.com/SVO2/ASP/SVD_Consensus.asp?pGB=1&gicode=A007340&cID=&MenuYn=Y&ReportGB=&NewMenuID=108&stkGb=701"", ""DN오토모티브"")",3,41250,-1.58,5.07,67034,51977,46700,62.51,26.0,13.21,18.65,True,1,4809.0,4985.0,3.7,"[5499.0, 5383.0, 4809.0, 4985.0]","[-2.1, -10.7, 3.7]",-3.2158361587209416,14.0,"[123.8, 51.9, -2.1, -10.7, 14.0]",27.64134493043462,24136.0,172858,"[11393.0, 17416.0, 20073.0, 22766.0]",52.16,"[27.29, 19.78, 15.02, 13.62]","[2.66, 3.41, 5.07, 8.27]",36757.0,5279.0,6748595.0,4.1,True
A439260,대한조선,"=HYPERLINK(""https://finance.naver.com/item/coinfo.nhn?code=439260"", ""A439260"")","=HYPERLINK(""http://comp.fnguide.com/SVO2/ASP/SVD_Consensus.asp?pGB=1&gicode=A439260&cID=&MenuYn=Y&ReportGB=&NewMenuID=108&stkGb=701"", ""대한조선"")",2,60000,0.3,9.16,102818,63310,49465,71.36,5.52,-17.56,38.68,True,3,7314.0,8010.0,9.5,"[3640.0, 5656.0, 7314.0, 8010.0]","[55.4, 29.3, 9.5]",30.063235310697813,1.3,"[nan, nan, 55.4, 29.3, 1.3]",0.0,22853.0,67950,"[1715.0, 4534.0, 10924.0, 13644.0]",48.18,"[25.0, 55.26, 32.19, 24.94]","[nan, nan, 9.16, 7.49]",12281.0,2941.0,,0.37,True
A030000,제일기획,"=HYPERLINK(""https://finance.naver.com/item/coinfo.nhn?code=030000"", ""A030000"")","=HYPERLINK(""http://comp.fnguide.com/SVO2/ASP/SVD_Consensus.asp?pGB=1&gicode=A030000&cID=&MenuYn=Y&ReportGB=&NewMenuID=108&stkGb=701"", ""제일기획"")",1,18290,1.23,11.64,20702,17943,16976,13.19,-1.9,-7.18,14.39,True,1,1804.0,1952.0,8.2,"[1628.0, 1804.0, 1804.0, 1952.0]","[10.8, 0.0, 8.2]",9.49228283308372,-0.3,"[17.1, -3.3, 10.8, 0.0, -0.3]",5.755891830751025,21041.0,675813,"[12866.0, 14580.0, 15723.0, 16153.0]",28.36,"[14.99, 15.12, 13.7, 14.09]","[11.69, 9.4, 11.64, 9.37]",45469.0,3369.0,13762500.0,5.86,True
A005440,현대지에프홀딩스,"=HYPERLINK(""https://finance.naver.com/item/coinfo.nhn?code=005440"", ""A005440"")","=HYPERLINK(""http://comp.fnguide.com/SVO2/ASP/SVD_Consensus.asp?pGB=1&gicode=A005440&cID=&MenuYn=Y&ReportGB=&NewMenuID=108&stkGb=701"", ""현대지에프홀딩스"")",3,12640,-0.07,3.15,52429,38469,33577,314.79,204.35,165.64,21.56,True,0,2643.0,1987.0,-24.8,"[11200.0, 4483.0, 2643.0, 1987.0]","[-60.0, -41.0, -24.8]",-43.803412018040454,-47.4,"[35.3, 1760.9, -60.0, -41.1, -47.4]",25.55568232876848,19706.0,193175,"[27025.0, 33698.0, 40001.0, 42700.0]",77.15,"[49.81, 23.02, 11.18, 7.49]","[0.32, 1.09, 3.15, 6.36]",80916.0,2741.0,3420585.0,3.61,True
A462870,시프트업,"=HYPERLINK(""https://finance.naver.com/item/coinfo.nhn?code=462870"", ""A462870"")","=HYPERLINK(""http://comp.fnguide.com/SVO2/ASP/SVD_Consensus.asp?pGB=1&gicode=A462870&cID=&MenuYn=Y&ReportGB=&NewMenuID=108&stkGb=701"", ""시프트업"")",2,30550,4.11,10.89,56888,35110,27478,86.21,14.93,-10.06,38.31,True,0,3261.0,2305.0,-29.3,"[2132.0, 2718.0, 3261.0, 2305.0]","[27.5, 20.0, -29.3]",2.6526774852607904,39.4,"[nan, nan, 27.5, 20.0, 39.4]",0.0,17919.0,81598,"[1811.0, 7644.0, 9212.0, 10593.0]",42.46,"[99.16, 31.3, 22.71, 13.67]","[nan, 23.33, 10.89, 13.25]",2945.0,1814.0,1152955.0,,True
A041510,에스엠,"=HYPERLINK(""https://finance.naver.com/item/coinfo.nhn?code=041510"", ""A041510"")","=HYPERLINK(""http://comp.fnguide.com/SVO2/ASP/SVD_Consensus.asp?pGB=1&gicode=A041510&cID=&MenuYn=Y&ReportGB=&NewMenuID=108&stkGb=701"", ""에스엠"")",1,74400,0.5,8.93,96411,68370,58544,29.58,-8.1,-21.31,23.75,True,0,15126.0,5998.0,-60.3,"[3664.0, 778.0, 15126.0, 5998.0]","[-78.8, 1844.2, -60.3]",17.839014598345937,-86.8,"[-40.7, 9.0, -78.8, 1843.8, -86.8]",-18.864949231948746,17034.0,87601,"[7225.0, 6648.0, 10026.0, 10988.0]",41.75,"[12.3, 2.64, 41.65, 13.07]","[25.14, 97.15, 8.93, 12.4]",11749.0,1830.0,,1.2,True
A023590,다우기술,"=HYPERLINK(""https://finance.naver.com/item/coinfo.nhn?code=023590"", ""A023590"")","=HYPERLINK(""http://comp.fnguide.com/SVO2/ASP/SVD_Consensus.asp?pGB=1&gicode=A023590&cID=&MenuYn=Y&ReportGB=&NewMenuID=108&stkGb=701"", ""다우기술"")",3,39100,0.0,3.45,103037,90691,86364,163.52,131.95,120.88,13.92,True,0,11260.0,,,"[5037.0, 7931.0, 11260.0, nan]","[57.5, 42.0, nan]",0.0,106.2,"[-0.9, -39.4, 57.5, 42.0, 106.2]",22.59726125326411,16925.0,46517,"[25189.0, 28873.0, 34464.0, nan]",49.02,"[9.35, 13.16, 15.95, nan]","[3.55, 2.25, 3.45, nan]",174950.0,15593.0,136463.0,4.63,True
A192080,더블유게임즈,"=HYPERLINK(""https://finance.naver.com/item/coinfo.nhn?code=192080"", ""A192080"")","=HYPERLINK(""http://comp.fnguide.com/SVO2/ASP/SVD_Consensus.asp?pGB=1&gicode=A192080&cID=&MenuYn=Y&ReportGB=&NewMenuID=108&stkGb=701"", ""더블유게임즈"")",2,71100,0.89,8.78,84724,72056,67616,19.16,1.34,-4.9,15.0,True,1,6106.0,9166.0,50.1,"[6915.0, 8708.0, 6106.0, 9166.0]","[25.9, -29.9, 50.1]",9.826753704899982,67.4,"[nan, nan, 25.9, -29.9, 67.4]",0.0,15054.0,142046,"[8716.0, 11314.0, 11859.0, 13542.0]",44.98,"[18.62, 18.69, 11.33, 15.29]","[5.82, 6.19, 8.78, 7.76]",7199.0,2321.0,1717003.0,2.24,True
A073240,금호타이어,"=HYPERLINK(""https://finance.naver.com/item/coinfo.nhn?code=073240"", ""A073240"")","=HYPERLINK(""http://comp.fnguide.com/SVO2/ASP/SVD_Consensus.asp?pGB=1&gicode=A073240&cID=&MenuYn=Y&ReportGB=&NewMenuID=108&stkGb=701"", ""금호타이어"")",3,4650,0.14,4.85,12258,9490,8521,163.61,104.09,83.24,18.72,False,3,1209.0,1370.0,13.3,"[549.0, 1131.0, 1209.0, 1370.0]","[106.0, 6.9, 13.3]",35.63078597499298,-1.5,"[nan, nan, 105.9, 6.9, -1.5]",0.0,13358.0,896020,"[12644.0, 17206.0, 20294.0, 24333.0]",60.49,"[13.2, 21.77, 18.53, 17.64]","[9.81, 4.22, 4.85, 3.39]",47013.0,5759.0,,,True
A003090,대웅,"=HYPERLINK(""https://finance.naver.com/item/coinfo.nhn?code=003090"", ""A003090"")","=HYPERLINK(""http://comp.fnguide.com/SVO2/ASP/SVD_Consensus.asp?pGB=1&gicode=A003090&cID=&MenuYn=Y&ReportGB=&NewMenuID=108&stkGb=701"", ""대웅"")",3,17850,0.0,7.32,34015,31007,29953,90.56,73.71,67.81,12.94,True,0,3011.0,,,"[2626.0, 996.0, 3011.0, nan]","[-62.1, 202.3, nan]",0.0,34.8,"[30.3, 48.9, -62.1, 202.4, 34.8]",24.551797771455377,10378.0,61674,"[9348.0, 9965.0, 11766.0, nan]",38.04,"[17.31, 5.99, 16.11, nan]","[7.86, 21.7, 7.32, nan]",20684.0,2618.0,16669850.0,0.91,True
A185750,종근당,"=HYPERLINK(""https://finance.naver.com/item/coinfo.nhn?code=185750"", ""A185750"")","=HYPERLINK(""http://comp.fnguide.com/SVO2/ASP/SVD_Consensus.asp?pGB=1&gicode=A185750&cID=&MenuYn=Y&ReportGB=&NewMenuID=108&stkGb=701"", ""종근당"")",3,74400,-0.44,14.76,93658,84346,81083,25.89,13.37,8.98,13.27,True,0,5615.0,4564.0,-18.7,"[15397.0, 7902.0, 5615.0, 4564.0]","[-48.7, -28.9, -18.7]",-33.31535597877047,8.8,"[89.5, 162.5, -48.7, -28.9, 8.8]",14.569990386070764,10269.0,27982,"[8157.0, 8940.0, 10038.0, nan]",40.15,"[29.56, 12.76, 8.17, 6.28]","[8.12, 11.26, 14.76, 16.3]",16924.0,806.0,626712.0,0.6,True
A009450,경동나비엔,"=HYPERLINK(""https://finance.naver.com/item/coinfo.nhn?code=009450"", ""A009450"")","=HYPERLINK(""http://comp.fnguide.com/SVO2/ASP/SVD_Consensus.asp?pGB=1&gicode=A009450&cID=&MenuYn=Y&ReportGB=&NewMenuID=108&stkGb=701"", ""경동나비엔"")",1,67700,0.33,9.01,74663,63285,59297,10.29,-6.52,-12.41,15.11,True,1,6157.0,11851.0,92.5,"[5707.0, 8535.0, 6157.0, 11851.0]","[49.6, -27.9, 92.5]",27.57508431472868,52.2,"[-36.9, 55.2, 49.5, -27.9, 52.2]",9.946760367496378,9863.0,39390,"[5846.0, 6954.0, 7705.0, 9318.0]",57.61,"[15.09, 19.43, 12.24, 20.28]","[8.27, 10.29, 9.01, 5.71]",15022.0,1434.0,115660.0,1.35,True
A137400,피엔티,"=HYPERLINK(""https://finance.naver.com/item/coinfo.nhn?code=137400"", ""A137400"")","=HYPERLINK(""http://comp.fnguide.com/SVO2/ASP/SVD_Consensus.asp?pGB=1&gicode=A137400&cID=&MenuYn=Y&ReportGB=&NewMenuID=108&stkGb=701"", ""피엔티"")",1,40750,0.0,13.01,49214,38832,35194,20.77,-4.71,-13.63,17.86,True,0,2890.0,,,"[2809.0, 5519.0, 2890.0, nan]","[96.5, -47.6, nan]",0.0,105.9,"[12.5, 6.2, 96.5, -47.6, 105.9]",20.427437536037594,9654.0,183508,"[4557.0, 6150.0, 6929.0, nan]",16.09,"[20.01, 26.52, 11.37, nan]","[17.94, 6.86, 13.01, nan]",7449.0,956.0,386129.0,0.53,True
A036830,솔브레인홀딩스,"=HYPERLINK(""https://finance.naver.com/item/coinfo.nhn?code=036830"", ""A036830"")","=HYPERLINK(""http://comp.fnguide.com/SVO2/ASP/SVD_Consensus.asp?pGB=1&gicode=A036830&cID=&MenuYn=Y&ReportGB=&NewMenuID=108&stkGb=701"", ""솔브레인홀딩스"")",3,44600,0.0,1.6,148188,114450,102626,232.26,156.61,130.1,18.84,False,0,23248.0,,,"[4342.0, 2796.0, 23248.0, nan]","[-35.6, 731.5, nan]",0.0,95.7,"[104.1, 41.8, -35.6, 731.5, 95.7]",97.86621055024895,9145.0,74078,"[12373.0, 13050.0, 17354.0, nan]",77.27,"[7.63, 4.61, 32.06, nan]","[10.21, 12.91, 1.6, nan]",5566.0,-34.0,58000.0,1.34,True
A192400,쿠쿠홀딩스,"=HYPERLINK(""https://finance.naver.com/item/coinfo.nhn?code=192400"", ""A192400"")","=HYPERLINK(""http://comp.fnguide.com/SVO2/ASP/SVD_Consensus.asp?pGB=1&gicode=A192400&cID=&MenuYn=Y&ReportGB=&NewMenuID=108&stkGb=701"", ""쿠쿠홀딩스"")",3,24500,0.0,7.08,47008,44621,43784,91.87,82.12,78.71,11.93,True,0,4094.0,,,"[3659.0, 3861.0, 4094.0, nan]","[5.5, 6.0, nan]",0.0,18.1,"[-9.8, 11.5, 5.5, 6.0, 18.1]",5.84197264666475,8713.0,23454,"[10777.0, 11964.0, 13217.0, nan]",64.86,"[12.72, 12.08, 11.56, nan]","[4.48, 5.96, 7.08, nan]",9209.0,1140.0,4483800.0,5.34,True
A033100,제룡전기,"=HYPERLINK(""https://finance.naver.com/item/coinfo.nhn?code=033100"", ""A033100"")","=HYPERLINK(""http://comp.fnguide.com/SVO2/ASP/SVD_Consensus.asp?pGB=1&gicode=A033100&cID=&MenuYn=Y&ReportGB=&NewMenuID=108&stkGb=701"", ""제룡전기"")",1,52200,0.0,9.6,54739,33508,26068,4.86,-35.81,-50.06,39.64,False,0,3655.0,,,"[3510.0, 4976.0, 3655.0, nan]","[41.8, -26.5, nan]",0.0,-45.3,"[963.5, 351.8, 41.8, -26.5, -45.3]",93.87728234620553,8385.0,168563,"[1248.0, 1967.0, 2393.0, nan]",33.13,"[57.64, 49.72, 26.93, nan]","[5.71, 9.23, 9.6, nan]",2240.0,670.0,,3.13,True
A071320,지역난방공사,"=HYPERLINK(""https://finance.naver.com/item/coinfo.nhn?code=071320"", ""A071320"")","=HYPERLINK(""http://comp.fnguide.com/SVO2/ASP/SVD_Consensus.asp?pGB=1&gicode=A071320&cID=&MenuYn=Y&ReportGB=&NewMenuID=108&stkGb=701"", ""지역난방공사"")",3,68300,0.63,3.29,228572,212685,207118,234.66,211.4,203.25,12.41,True,0,29268.0,20089.0,-31.4,"[17222.0, 18151.0, 29268.0, 20089.0]","[5.4, 61.2, -31.4]",5.23896978947147,-7.4,"[nan, nan, 5.4, 61.3, -7.4]",0.0,7908.0,9005,"[20885.0, 22671.0, 23014.0, 23397.0]",64.63,"[10.63, 9.65, 14.84, 10.02]","[1.42, 2.28, 3.29, 3.4]",39982.0,5296.0,,6.39,True
A025540,한국단자,"=HYPERLINK(""https://finance.naver.com/item/coinfo.nhn?code=025540"", ""A025540"")","=HYPERLINK(""http://comp.fnguide.com/SVO2/ASP/SVD_Consensus.asp?pGB=1&gicode=A025540&cID=&MenuYn=Y&ReportGB=&NewMenuID=108&stkGb=701"", ""한국단자"")",3,75000,0.31,6.48,114971,114896,114869,53.3,53.19,53.16,10.8,True,1,10383.0,12348.0,18.9,"[7000.0, 13654.0, 10383.0, 12348.0]","[95.1, -24.0, 18.9]",20.804813376322826,34.0,"[-22.6, 49.7, 95.1, -24.0, 34.0]",18.148356349347196,7586.0,32650,"[9319.0, 10761.0, 11615.0, 12540.0]",38.43,"[8.09, 14.16, 9.47, 10.34]","[10.71, 4.9, 6.48, 6.07]",14429.0,1393.0,,4.75,True
A032190,다우데이타,"=HYPERLINK(""https://finance.naver.com/item/coinfo.nhn?code=032190"", ""A032190"")","=HYPERLINK(""http://comp.fnguide.com/SVO2/ASP/SVD_Consensus.asp?pGB=1&gicode=A032190&cID=&MenuYn=Y&ReportGB=&NewMenuID=108&stkGb=701"", ""다우데이타"")",3,19330,0.0,3.22,49159,45369,44041,154.31,134.71,127.84,12.62,True,0,5713.0,,,"[1660.0, 4290.0, 5713.0, nan]","[158.4, 33.2, nan]",0.0,82.4,"[38.6, -68.8, 158.5, 33.2, 82.4]",22.11850701721445,7403.0,113349,"[11797.0, 13555.0, 16104.0, nan]",63.29,"[5.49, 12.96, 14.76, nan]","[8.3, 2.37, 3.22, nan]",180520.0,15999.0,,2.99,True
A037460,삼지전자,"=HYPERLINK(""https://finance.naver.com/item/coinfo.nhn?code=037460"", ""A037460"")","=HYPERLINK(""http://comp.fnguide.com/SVO2/ASP/SVD_Consensus.asp?pGB=1&gicode=A037460&cID=&MenuYn=Y&ReportGB=&NewMenuID=108&stkGb=701"", ""삼지전자"")",1,44400,0.0,3.18,48963,41091,38332,10.28,-7.45,-13.67,15.45,False,0,4636.0,,,"[1939.0, 3771.0, 4636.0, nan]","[94.5, 22.9, nan]",0.0,1113.7,"[57.3, -34.2, 94.5, 23.0, 1113.7]",97.50501929847735,7245.0,137445,"[3477.0, 4113.0, 4844.0, nan]",46.12,"[9.62, 16.21, 16.89, nan]","[4.38, 2.29, 3.18, nan]",42911.0,1624.0,2151015.0,3.73,True
A009240,한샘,"=HYPERLINK(""https://finance.naver.com/item/coinfo.nhn?code=009240"", ""A009240"")","=HYPERLINK(""http://comp.fnguide.com/SVO2/ASP/SVD_Consensus.asp?pGB=1&gicode=A009240&cID=&MenuYn=Y&ReportGB=&NewMenuID=108&stkGb=701"", ""한샘"")",2,30750,0.0,23.47,46192,34411,30282,50.22,11.9,-1.52,20.7,False,0,1967.0,1109.0,-43.6,"[-2641.0, 6422.0, 1967.0, 1109.0]","[-343.2, -69.4, -43.6]",0.0,-72.6,"[nan, nan, nan, -69.4, -72.6]",0.0,7237.0,39392,"[3428.0, 3507.0, 3998.0, 4161.0]",35.96,"[-15.77, 43.59, 12.33, 6.4]","[nan, 7.4, 23.47, 27.73]",17445.0,185.0,6933606.0,,True
A317450,명인제약,"=HYPERLINK(""https://finance.naver.com/item/coinfo.nhn?code=317450"", ""A317450"")","=HYPERLINK(""http://comp.fnguide.com/SVO2/ASP/SVD_Consensus.asp?pGB=1&gicode=A317450&cID=&MenuYn=Y&ReportGB=&NewMenuID=108&stkGb=701"", ""명인제약"")",3,44100,0.0,10.26,67934,60727,58202,54.05,37.7,31.98,13.47,True,0,6718.0,,,"[6653.0, 6131.0, 6718.0, nan]","[-7.8, 9.6, nan]",0.0,-6.4,"[-3.9, 29.7, -7.8, 9.6, -6.4]",3.3465867204580446,6439.0,15938,"[4723.0, 5318.0, 7944.0, nan]",73.47,"[16.63, 13.68, 12.28, nan]","[nan, nan, 10.26, nan]",2873.0,925.0,,2.18,True
A005180,빙그레,"=HYPERLINK(""https://finance.naver.com/item/coinfo.nhn?code=005180"", ""A005180"")","=HYPERLINK(""http://comp.fnguide.com/SVO2/ASP/SVD_Consensus.asp?pGB=1&gicode=A005180&cID=&MenuYn=Y&ReportGB=&NewMenuID=108&stkGb=701"", ""빙그레"")",3,69200,-21.98,12.94,87294,85604,85012,26.15,23.71,22.85,11.2,True,1,5757.0,8606.0,49.5,"[8752.0, 10479.0, 5757.0, 8606.0]","[19.7, -45.1, 49.5]",-0.5886673258576725,-1.7,"[nan, 235.7, 19.7, -45.1, -1.7]",0.0,6414.0,33704,"[6416.0, 7218.0, 7438.0, 7927.0]",43.46,"[14.16, 15.14, 7.58, 10.46]","[6.25, 7.77, 12.94, 8.04]",14896.0,884.0,427230.0,4.43,True
A001060,JW중외제약,"=HYPERLINK(""https://finance.naver.com/item/coinfo.nhn?code=001060"", ""A001060"")","=HYPERLINK(""http://comp.fnguide.com/SVO2/ASP/SVD_Consensus.asp?pGB=1&gicode=A001060&cID=&MenuYn=Y&ReportGB=&NewMenuID=108&stkGb=701"", ""JW중외제약"")",1,26000,0.0,10.32,28125,21867,19674,8.17,-15.9,-24.33,18.53,True,0,2470.0,,,"[1478.0, 2606.0, 2470.0, nan]","[76.3, -5.2, nan]",0.0,57.3,"[nan, 15.4, 76.3, -5.2, 57.3]",0.0,6054.0,55046,"[2654.0, 3295.0, 3694.0, nan]",42.87,"[14.63, 21.86, 17.6, nan]","[24.05, 9.21, 10.32, nan]",7753.0,945.0,736412.0,2.55,True
A067160,SOOP,"=HYPERLINK(""https://finance.naver.com/item/coinfo.nhn?code=067160"", ""A067160"")","=HYPERLINK(""http://comp.fnguide.com/SVO2/ASP/SVD_Consensus.asp?pGB=1&gicode=A067160&cID=&MenuYn=Y&ReportGB=&NewMenuID=108&stkGb=701"", ""SOOP"")",3,48250,0.87,7.65,108761,74155,62027,125.41,53.69,28.55,26.78,True,0,8860.0,8343.0,-5.8,"[6489.0, 8805.0, 8860.0, 8343.0]","[35.7, 0.6, -5.8]",8.745069973363218,-2.9,"[-15.9, 24.9, 35.7, 0.6, -2.9]",6.844236134106185,5546.0,35917,"[2912.0, 3789.0, 4670.0, 5386.0]",25.81,"[28.02, 30.21, 24.08, 19.07]","[13.19, 10.32, 7.65, 5.78]",4666.0,1248.0,837863.0,4.99,True
A015750,성우하이텍,"=HYPERLINK(""https://finance.naver.com/item/coinfo.nhn?code=015750"", ""A015750"")","=HYPERLINK(""http://comp.fnguide.com/SVO2/ASP/SVD_Consensus.asp?pGB=1&gicode=A015750&cID=&MenuYn=Y&ReportGB=&NewMenuID=108&stkGb=701"", ""성우하이텍"")",3,6710,0.0,3.23,21263,21233,21223,216.88,216.44,216.29,10.82,True,0,2110.0,,,"[2124.0, 1751.0, 2110.0, nan]","[-17.6, 20.5, nan]",0.0,-19.8,"[-13.4, 336.5, -17.6, 20.5, -19.8]",24.657425514933685,5368.0,442685,"[13282.0, 15127.0, 16964.0, nan]",44.87,"[13.63, 9.86, 10.52, nan]","[4.46, 2.84, 3.23, nan]",43827.0,2427.0,8407.0,2.94,True
A035890,서희건설,"=HYPERLINK(""https://finance.naver.com/item/coinfo.nhn?code=035890"", ""A035890"")","=HYPERLINK(""http://comp.fnguide.com/SVO2/ASP/SVD_Consensus.asp?pGB=1&gicode=A035890&cID=&MenuYn=Y&ReportGB=&NewMenuID=108&stkGb=701"", ""서희건설"")",3,2230,0.0,6.03,8005,6854,6451,258.95,207.36,189.28,14.78,True,0,530.0,,,"[615.0, 698.0, 530.0, nan]","[13.5, -24.1, nan]",0.0,11.4,"[-32.4, 44.2, 13.4, -24.0, 11.4]",-1.3164512323355249,5125.0,1173356,"[8438.0, 9747.0, 10836.0, nan]",59.84,"[17.85, 17.64, 11.84, nan]","[4.39, 4.51, 6.03, nan]",11001.0,1444.0,44439842.0,3.13,True
A284740,쿠쿠홈시스,"=HYPERLINK(""https://finance.naver.com/item/coinfo.nhn?code=284740"", ""A284740"")","=HYPERLINK(""http://comp.fnguide.com/SVO2/ASP/SVD_Consensus.asp?pGB=1&gicode=A284740&cID=&MenuYn=Y&ReportGB=&NewMenuID=108&stkGb=701"", ""쿠쿠홈시스"")",3,21800,0.0,4.52,58824,53254,51302,169.84,144.28,135.33,13.12,True,0,5327.0,,,"[4990.0, 5662.0, 5327.0, nan]","[13.5, -5.9, nan]",0.0,14.2,"[0.7, -2.4, 13.5, -5.9, 14.2]",3.692220670123847,4891.0,13317,"[8069.0, 9584.0, 10846.0, nan]",70.09,"[14.85, 14.39, 11.7, nan]","[4.3, 3.65, 4.52, nan]",11213.0,1694.0,14950.0,4.99,True
A268280,미원에스씨,"=HYPERLINK(""https://finance.naver.com/item/coinfo.nhn?code=268280"", ""A268280"")","=HYPERLINK(""http://comp.fnguide.com/SVO2/ASP/SVD_Consensus.asp?pGB=1&gicode=A268280&cID=&MenuYn=Y&ReportGB=&NewMenuID=108&stkGb=701"", ""미원에스씨"")",3,96200,0.0,11.44,109317,100705,97688,13.63,4.68,1.55,12.66,False,0,12261.0,,,"[3681.0, 10913.0, 12261.0, nan]","[196.5, 12.4, nan]",0.0,31.2,"[-18.9, -71.0, 196.5, 12.3, 31.2]",0.5429047728179759,4810.0,1693,"[3731.0, 4063.0, 4485.0, nan]",73.54,"[4.95, 14.0, 14.34, nan]","[37.33, 13.71, 11.44, nan]",5321.0,655.0,185569.0,2.28,True
A041190,우리기술투자,"=HYPERLINK(""https://finance.naver.com/item/coinfo.nhn?code=041190"", ""A041190"")","=HYPERLINK(""http://comp.fnguide.com/SVO2/ASP/SVD_Consensus.asp?pGB=1&gicode=A041190&cID=&MenuYn=Y&ReportGB=&NewMenuID=108&stkGb=701"", ""우리기술투자"")",3,5580,0.0,5.59,18832,14110,12455,237.49,152.86,123.2,20.38,False,0,1316.0,,,"[1452.0, 1759.0, 1316.0, nan]","[21.1, -25.2, nan]",0.0,,[],51.0157099124823,4687.0,897682,"[5211.0, 6662.0, 7764.0, nan]",30.91,"[26.51, 24.89, 15.33, nan]","[4.43, 3.93, 5.59, nan]",1489.0,1381.0,6128844.0,,True
A009900,명신산업,"=HYPERLINK(""https://finance.naver.com/item/coinfo.nhn?code=009900"", ""A009900"")","=HYPERLINK(""http://comp.fnguide.com/SVO2/ASP/SVD_Consensus.asp?pGB=1&gicode=A009900&cID=&MenuYn=Y&ReportGB=&NewMenuID=108&stkGb=701"", ""명신산업"")",3,8690,-0.46,6.89,22991,18416,16813,164.57,111.93,93.48,17.22,True,1,1302.0,1798.0,38.1,"[2909.0, 2460.0, 1302.0, 1798.0]","[-15.4, -47.1, 38.1]",-14.81955500697646,30.0,"[89.1, 78.1, -15.4, -47.1, 30.0]",14.399721485841145,4560.0,156766,"[5352.0, 6975.0, 7559.0, 8795.0]",45.45,"[33.22, 20.95, 9.4, 11.54]","[6.53, 4.19, 6.89, 4.83]",16192.0,1026.0,,1.11,True
A340570,티앤엘,"=HYPERLINK(""https://finance.naver.com/item/coinfo.nhn?code=340570"", ""A340570"")","=HYPERLINK(""http://comp.fnguide.com/SVO2/ASP/SVD_Consensus.asp?pGB=1&gicode=A340570&cID=&MenuYn=Y&ReportGB=&NewMenuID=108&stkGb=701"", ""티앤엘"")",1,55400,0.44,10.47,56709,39862,33959,2.36,-28.05,-38.7,24.38,False,1,4684.0,6385.0,36.3,"[3376.0, 5710.0, 4684.0, 6385.0]","[69.1, -18.0, 36.3]",23.637753484887234,3.7,"[7.8, 29.9, 69.1, -18.0, 3.7]",15.025154601710987,4503.0,32119,"[1296.0, 1714.0, 2012.0, 2454.0]",42.7,"[23.29, 30.84, 20.44, 23.24]","[11.85, 11.72, 10.47, 8.68]",1642.0,464.0,110869.0,3.06,True
A211050,인카금융서비스,"=HYPERLINK(""https://finance.naver.com/item/coinfo.nhn?code=211050"", ""A211050"")","=HYPERLINK(""http://comp.fnguide.com/SVO2/ASP/SVD_Consensus.asp?pGB=1&gicode=A211050&cID=&MenuYn=Y&ReportGB=&NewMenuID=108&stkGb=701"", ""인카금융서비스"")",2,9020,0.2,9.08,17288,10415,8007,91.67,15.47,-11.23,42.48,False,3,1410.0,1744.0,23.7,"[574.0, 1207.0, 1410.0, 1744.0]","[110.3, 16.8, 23.7]",44.83847328866011,48.3,"[12.5, 40.0, 110.2, 16.8, 48.3]",41.80758229818649,4444.0,122438,"[967.0, 1483.0, 2163.0, nan]",43.95,"[34.68, 50.62, 39.66, 39.72]","[5.52, 4.65, 9.08, 5.17]",10218.0,948.0,3100.0,2.89,True
A018290,브이티,"=HYPERLINK(""https://finance.naver.com/item/coinfo.nhn?code=018290"", ""A018290"")","=HYPERLINK(""http://comp.fnguide.com/SVO2/ASP/SVD_Consensus.asp?pGB=1&gicode=A018290&cID=&MenuYn=Y&ReportGB=&NewMenuID=108&stkGb=701"", ""브이티"")",2,12320,0.47,10.22,23471,14693,11616,90.51,19.26,-5.71,36.19,True,0,1713.0,1397.0,-18.4,"[776.0, 2739.0, 1713.0, 1397.0]","[253.0, -37.5, -18.4]",21.6507975382755,-16.2,"[-25.2, 139.9, 253.2, -37.5, -16.2]",27.120418902886655,4305.0,178939,"[1172.0, 2325.0, 2424.0, 3010.0]",39.25,"[28.0, 56.07, 25.66, 17.96]","[21.04, 14.6, 10.22, 8.82]",4372.0,829.0,305480.0,,True
A101160,월덱스,"=HYPERLINK(""https://finance.naver.com/item/coinfo.nhn?code=101160"", ""A101160"")","=HYPERLINK(""http://comp.fnguide.com/SVO2/ASP/SVD_Consensus.asp?pGB=1&gicode=A101160&cID=&MenuYn=Y&ReportGB=&NewMenuID=108&stkGb=701"", ""월덱스"")",3,24800,0.0,8.68,35814,27915,25147,44.41,12.56,1.4,18.41,False,0,2482.0,,,"[3261.0, 3939.0, 2482.0, nan]","[20.8, -37.0, nan]",0.0,47.4,"[24.1, 29.7, 20.8, -37.0, 47.4]",12.54425871020024,4095.0,110458,"[2395.0, 3075.0, 3466.0, nan]",35.07,"[25.3, 23.78, 12.53, nan]","[7.85, 4.3, 8.68, nan]",2918.0,585.0,,0.46,True
A013030,하이록코리아,"=HYPERLINK(""https://finance.naver.com/item/coinfo.nhn?code=013030"", ""A013030"")","=HYPERLINK(""http://comp.fnguide.com/SVO2/ASP/SVD_Consensus.asp?pGB=1&gicode=A013030&cID=&MenuYn=Y&ReportGB=&NewMenuID=108&stkGb=701"", ""하이록코리아"")",3,34500,1.3,7.43,41118,39783,39315,19.18,15.31,13.96,11.49,True,3,4141.0,4320.0,4.3,"[3655.0, 3718.0, 4141.0, 4320.0]","[1.7, 11.4, 4.3]",5.7215408219469355,37.3,"[73.9, 46.9, 1.7, 11.4, 37.3]",31.776998624320328,4060.0,29199,"[4035.0, 4317.0, 4544.0, 4940.0]",39.73,"[12.13, 11.38, 11.35, 10.72]","[7.29, 6.76, 7.43, 7.99]",2146.0,589.0,,4.39,True
A215200,메가스터디교육,"=HYPERLINK(""https://finance.naver.com/item/coinfo.nhn?code=215200"", ""A215200"")","=HYPERLINK(""http://comp.fnguide.com/SVO2/ASP/SVD_Consensus.asp?pGB=1&gicode=A215200&cID=&MenuYn=Y&ReportGB=&NewMenuID=108&stkGb=701"", ""메가스터디교육"")",3,38100,1.34,5.33,70530,58531,54326,85.12,53.63,42.59,15.85,False,2,7903.0,8992.0,13.8,"[8006.0, 3991.0, 7903.0, 8992.0]","[-50.1, 98.0, 13.8]",3.9846735304053027,13.4,"[27.6, -8.3, -50.1, 98.0, 13.4]",5.564953344894286,3949.0,39696,"[4774.0, 4488.0, 4971.0, 5592.0]",41.21,"[21.07, 9.97, 18.03, 17.65]","[7.58, 10.97, 5.33, 4.24]",8849.0,1210.0,11960.0,7.12,True
A012030,DB,"=HYPERLINK(""https://finance.naver.com/item/coinfo.nhn?code=012030"", ""A012030"")","=HYPERLINK(""http://comp.fnguide.com/SVO2/ASP/SVD_Consensus.asp?pGB=1&gicode=A012030&cID=&MenuYn=Y&ReportGB=&NewMenuID=108&stkGb=701"", ""DB"")",3,1886,0.0,6.03,3189,2743,2586,69.11,45.43,37.14,14.63,True,0,244.0,,,"[101.0, 459.0, 244.0, nan]","[354.5, -46.8, nan]",0.0,39.7,"[-73.7, 254.9, 355.3, -46.7, 39.7]",25.908950130121376,3794.0,1193605,"[3949.0, 3935.0, 4492.0, nan]",43.82,"[5.96, 23.42, 11.67, nan]","[17.19, 2.84, 6.03, nan]",6435.0,416.0,10143400.0,,True
A097520,엠씨넥스,"=HYPERLINK(""https://finance.naver.com/item/coinfo.nhn?code=097520"", ""A097520"")","=HYPERLINK(""http://comp.fnguide.com/SVO2/ASP/SVD_Consensus.asp?pGB=1&gicode=A097520&cID=&MenuYn=Y&ReportGB=&NewMenuID=108&stkGb=701"", ""엠씨넥스"")",3,20600,0.54,10.03,31586,27393,25923,53.33,32.97,25.84,14.37,True,0,2877.0,2583.0,-10.2,"[1553.0, 3538.0, 2877.0, 2583.0]","[127.8, -18.7, -10.2]",18.47867828384231,-24.8,"[-42.1, 21.5, 127.8, -18.7, -24.8]",-0.40824409003704654,3585.0,59441,"[3236.0, 3722.0, 3855.0, 4121.0]",31.03,"[8.83, 18.28, 13.61, 11.27]","[19.48, 5.42, 10.03, 7.98]",12792.0,520.0,1147328.0,3.47,True
A265520,AP시스템,"=HYPERLINK(""https://finance.naver.com/item/coinfo.nhn?code=265520"", ""A265520"")","=HYPERLINK(""http://comp.fnguide.com/SVO2/ASP/SVD_Consensus.asp?pGB=1&gicode=A265520&cID=&MenuYn=Y&ReportGB=&NewMenuID=108&stkGb=701"", ""AP시스템"")",3,22750,0.0,12.38,27749,26247,25721,21.98,15.37,13.06,12.01,True,0,1565.0,,,"[3929.0, 3389.0, 1565.0, nan]","[-13.7, -53.8, nan]",0.0,247.5,"[43.9, -27.0, -13.7, -53.8, 247.5]",7.794908162445724,3424.0,67380,"[3214.0, 3365.0, 3676.0, nan]",25.57,"[20.3, 15.74, 6.76, nan]","[5.68, 4.65, 12.38, nan]",4601.0,333.0,305887.0,1.76,True
A119850,지엔씨에너지,"=HYPERLINK(""https://finance.naver.com/item/coinfo.nhn?code=119850"", ""A119850"")","=HYPERLINK(""http://comp.fnguide.com/SVO2/ASP/SVD_Consensus.asp?pGB=1&gicode=A119850&cID=&MenuYn=Y&ReportGB=&NewMenuID=108&stkGb=701"", ""지엔씨에너지"")",1,20700,0.0,12.73,26804,19732,17254,29.49,-4.68,-16.65,21.37,False,0,2428.0,,,"[692.0, 2340.0, 2428.0, nan]","[238.2, 3.8, nan]",0.0,-5.6,"[519.8, -58.4, 237.9, 3.8, -5.6]",53.55377171923941,3405.0,119288,"[1206.0, 1589.0, 2188.0, nan]",33.55,"[9.7, 27.54, 21.15, nan]","[6.15, 3.51, 12.73, nan]",2626.0,494.0,280867.0,0.49,True
A200880,서연이화,"=HYPERLINK(""https://finance.naver.com/item/coinfo.nhn?code=200880"", ""A200880"")","=HYPERLINK(""http://comp.fnguide.com/SVO2/ASP/SVD_Consensus.asp?pGB=1&gicode=A200880&cID=&MenuYn=Y&ReportGB=&NewMenuID=108&stkGb=701"", ""서연이화"")",3,12410,0.0,5.86,43697,43511,43446,252.11,250.61,250.09,10.88,True,0,2220.0,,,"[5837.0, 5450.0, 2220.0, nan]","[-6.6, -59.3, nan]",0.0,188.2,"[111.8, 183.4, -6.6, -59.3, 188.2]",45.74451277669227,3354.0,88276,"[8816.0, 10998.0, 11714.0, nan]",57.06,"[19.68, 14.87, 5.28, nan]","[3.29, 2.16, 5.86, nan]",45053.0,1618.0,5686.0,1.92,True
A092460,한라IMS,"=HYPERLINK(""https://finance.naver.com/item/coinfo.nhn?code=092460"", ""A092460"")","=HYPERLINK(""http://comp.fnguide.com/SVO2/ASP/SVD_Consensus.asp?pGB=1&gicode=A092460&cID=&MenuYn=Y&ReportGB=&NewMenuID=108&stkGb=701"", ""한라IMS"")",1,19430,0.0,11.41,20258,15651,14037,4.26,-19.45,-27.76,18.82,True,0,1490.0,,,"[4130.0, 802.0, 1490.0, nan]","[-80.6, 85.8, nan]",0.0,17.7,"[99.4, 788.2, -80.6, 85.8, 17.7]",49.68282290974844,3324.0,118231,"[1623.0, 1717.0, 1987.0, nan]",55.47,"[55.21, 8.22, 13.76, nan]","[1.61, 10.16, 11.41, nan]",1335.0,223.0,,3.65,True
A010690,화신,"=HYPERLINK(""https://finance.naver.com/item/coinfo.nhn?code=010690"", ""A010690"")","=HYPERLINK(""http://comp.fnguide.com/SVO2/ASP/SVD_Consensus.asp?pGB=1&gicode=A010690&cID=&MenuYn=Y&ReportGB=&NewMenuID=108&stkGb=701"", ""화신"")",3,9360,0.99,4.35,19883,18050,17408,112.43,92.85,85.98,13.05,True,2,1910.0,2520.0,31.9,"[2213.0, 1534.0, 1910.0, 2520.0]","[-30.7, 24.5, 31.9]",4.403676875390561,-2.8,"[204.4, 4.1, -30.7, 24.5, -2.8]",21.588596583096887,3269.0,223327,"[4451.0, 5175.0, 5714.0, 6520.0]",50.41,"[19.27, 11.13, 12.25, 14.39]","[6.18, 4.45, 4.35, 3.71]",19625.0,1024.0,171969.0,2.05,True
A011760,현대코퍼레이션,"=HYPERLINK(""https://finance.naver.com/item/coinfo.nhn?code=011760"", ""A011760"")","=HYPERLINK(""http://comp.fnguide.com/SVO2/ASP/SVD_Consensus.asp?pGB=1&gicode=A011760&cID=&MenuYn=Y&ReportGB=&NewMenuID=108&stkGb=701"", ""현대코퍼레이션"")",3,24650,0.46,3.28,84362,70139,65155,242.24,184.54,164.32,15.78,True,1,6561.0,7761.0,18.3,"[6326.0, 9152.0, 6561.0, 7761.0]","[44.7, -28.3, 18.3]",7.067454395214767,-53.6,"[108.3, 6.3, 44.7, -28.3, -53.6]",1.2851184581679442,3261.0,24516,"[5774.0, 6520.0, 6927.0, 7918.0]",27.12,"[16.57, 19.7, 12.91, 13.83]","[2.98, 2.09, 3.28, 3.18]",75543.0,1401.0,1218000.0,3.25,True
A243070,휴온스,"=HYPERLINK(""https://finance.naver.com/item/coinfo.nhn?code=243070"", ""A243070"")","=HYPERLINK(""http://comp.fnguide.com/SVO2/ASP/SVD_Consensus.asp?pGB=1&gicode=A243070&cID=&MenuYn=Y&ReportGB=&NewMenuID=108&stkGb=701"", ""휴온스"")",3,26900,0.0,7.69,34548,33238,32779,28.43,23.56,21.85,11.62,False,0,3561.0,,,"[4213.0, 2459.0, 3561.0, nan]","[-41.6, 44.8, nan]",0.0,-97.2,"[-27.0, 124.1, -41.6, 44.8, -97.2]",-47.80596993463004,3223.0,32644,"[3254.0, 3460.0, 3739.0, nan]",44.82,"[16.61, 8.77, 11.85, nan]","[9.11, 11.14, 7.69, nan]",6208.0,456.0,327900.0,3.36,True
A484590,삼양컴텍,"=HYPERLINK(""https://finance.naver.com/item/coinfo.nhn?code=484590"", ""A484590"")","=HYPERLINK(""http://comp.fnguide.com/SVO2/ASP/SVD_Consensus.asp?pGB=1&gicode=A484590&cID=&MenuYn=Y&ReportGB=&NewMenuID=108&stkGb=701"", ""삼양컴텍"")",1,7770,0.0,19.99,8077,5797,4997,3.96,-25.4,-35.68,22.95,True,0,640.0,,,"[288.0, 515.0, 640.0, nan]","[78.8, 24.3, nan]",0.0,-52.4,"[nan, nan, 78.8, 24.2, -52.4]",0.0,3202.0,113995,"[371.0, 534.0, 1565.0, nan]",44.69,"[0, 36.45, 21.6, nan, nan]","[nan, nan, 19.99, nan]",1546.0,266.0,,,True
A064820,케이프,"=HYPERLINK(""https://finance.naver.com/item/coinfo.nhn?code=064820"", ""A064820"")","=HYPERLINK(""http://comp.fnguide.com/SVO2/ASP/SVD_Consensus.asp?pGB=1&gicode=A064820&cID=&MenuYn=Y&ReportGB=&NewMenuID=108&stkGb=701"", ""케이프"")",3,10210,0.0,5.18,14541,11997,11105,42.42,17.5,8.77,16.07,True,0,1922.0,,,"[787.0, 508.0, 1922.0, nan]","[-35.5, 278.3, nan]",0.0,1957.2,"[-99.2, 10564.4, -35.5, 278.4, 1957.2]",112.01312832578228,3151.0,122574,"[2082.0, 2124.0, 3014.0, nan]",30.75,"[12.11, 7.46, 23.12, nan]","[5.46, 11.3, 5.18, nan]",5798.0,500.0,,7.04,True
A036890,진성티이씨,"=HYPERLINK(""https://finance.naver.com/item/coinfo.nhn?code=036890"", ""A036890"")","=HYPERLINK(""http://comp.fnguide.com/SVO2/ASP/SVD_Consensus.asp?pGB=1&gicode=A036890&cID=&MenuYn=Y&ReportGB=&NewMenuID=108&stkGb=701"", ""진성티이씨"")",3,13970,0.97,9.24,14716,14709,14707,5.34,5.29,5.27,10.8,True,2,1461.0,1659.0,13.6,"[1264.0, 932.0, 1461.0, 1659.0]","[-26.3, 56.8, 13.6]",9.495757527645265,114.8,"[166.0, -37.5, -26.2, 56.8, 114.8]",32.81271972751445,3078.0,99926,"[2321.0, 2623.0, 2975.0, 3235.0]",37.28,"[12.86, 8.48, 11.66, 11.77]","[8.39, 9.41, 9.24, 8.42]",4638.0,479.0,1798343.0,2.44,True
A236200,슈프리마,"=HYPERLINK(""https://finance.naver.com/item/coinfo.nhn?code=236200"", ""A236200"")","=HYPERLINK(""http://comp.fnguide.com/SVO2/ASP/SVD_Consensus.asp?pGB=1&gicode=A236200&cID=&MenuYn=Y&ReportGB=&NewMenuID=108&stkGb=701"", ""슈프리마"")",1,43600,0.43,8.74,48365,43546,41857,10.93,-0.12,-4.0,13.27,False,1,4474.0,5570.0,24.5,"[3191.0, 4516.0, 4474.0, 5570.0]","[41.5, -0.9, 24.5]",20.411088375320308,25.5,"[-21.1, 28.5, 41.5, -0.9, 25.5]",12.276997486780816,3041.0,57904,"[2041.0, 2367.0, 2711.0, nan]",33.92,"[11.9, 14.74, 12.75, 14.38]","[6.53, 5.39, 8.74, 7.83]",1373.0,327.0,79833.0,,True
A194370,제이에스코퍼레이션,"=HYPERLINK(""https://finance.naver.com/item/coinfo.nhn?code=194370"", ""A194370"")","=HYPERLINK(""http://comp.fnguide.com/SVO2/ASP/SVD_Consensus.asp?pGB=1&gicode=A194370&cID=&MenuYn=Y&ReportGB=&NewMenuID=108&stkGb=701"", ""제이에스코퍼레이션"")",3,10400,-0.98,4.86,36068,26533,23192,246.81,155.13,123.0,21.41,True,1,2638.0,3536.0,34.0,"[4116.0, 3561.0, 2638.0, 3536.0]","[-13.5, -25.9, 34.0]",-4.943962885357611,-3.0,"[33.8, 69.9, -13.5, -25.9, -3.0]",7.164541059792895,3018.0,128174,"[3581.0, 4743.0, 5274.0, 6126.0]",56.18,"[35.78, 23.41, 15.29, 18.0]","[2.1, 1.99, 4.86, 2.94]",12882.0,1405.0,,4.68,True
A025770,한국정보통신,"=HYPERLINK(""https://finance.naver.com/item/coinfo.nhn?code=025770"", ""A025770"")","=HYPERLINK(""http://comp.fnguide.com/SVO2/ASP/SVD_Consensus.asp?pGB=1&gicode=A025770&cID=&MenuYn=Y&ReportGB=&NewMenuID=108&stkGb=701"", ""한국정보통신"")",3,7920,0.0,7.84,11224,10334,10023,41.72,30.48,26.55,12.68,True,0,978.0,,,"[804.0, 1164.0, 978.0, nan]","[44.8, -16.0, nan]",0.0,0.8,"[102.6, 37.8, 44.8, -16.0, 0.8]",27.902610258497695,2966.0,246066,"[2712.0, 3064.0, 3358.0, nan]",82.99,"[11.67, 15.09, 11.4, nan]","[11.81, 6.74, 7.84, nan]",8363.0,452.0,2299077.0,3.79,True
A200670,휴메딕스,"=HYPERLINK(""https://finance.naver.com/item/coinfo.nhn?code=200670"", ""A200670"")","=HYPERLINK(""http://comp.fnguide.com/SVO2/ASP/SVD_Consensus.asp?pGB=1&gicode=A200670&cID=&MenuYn=Y&ReportGB=&NewMenuID=108&stkGb=701"", ""휴메딕스"")",3,25400,0.0,8.75,46021,35882,32329,81.19,41.27,27.28,18.39,False,0,4611.0,,,"[2210.0, 3496.0, 4611.0, nan]","[58.2, 31.9, nan]",0.0,-3.2,"[109.9, 4.5, 58.2, 31.9, -3.2]",34.67626769467953,2852.0,25915,"[1981.0, 2285.0, 2996.0, nan]",37.52,"[14.72, 18.41, 19.61, nan]","[15.27, 12.09, 8.75, nan]",1701.0,423.0,131489.0,2.28,True
A051500,CJ프레시웨이,"=HYPERLINK(""https://finance.naver.com/item/coinfo.nhn?code=051500"", ""A051500"")","=HYPERLINK(""http://comp.fnguide.com/SVO2/ASP/SVD_Consensus.asp?pGB=1&gicode=A051500&cID=&MenuYn=Y&ReportGB=&NewMenuID=108&stkGb=701"", ""CJ프레시웨이"")",3,23700,1.7,6.34,39972,39104,38800,68.66,65.0,63.71,11.25,True,2,4221.0,5119.0,21.3,"[4589.0, 2184.0, 4221.0, 5119.0]","[-52.4, 93.3, 21.3]",3.728923117742644,95.8,"[84.2, 11.0, -52.4, 93.3, 95.8]",29.793462951986392,2814.0,90406,"[2896.0, 4154.0, 4552.0, 5032.0]",47.95,"[18.24, 7.36, 11.51, 12.68]","[5.2, 7.99, 6.34, 4.63]",34811.0,1017.0,,1.87,True
A036800,나이스정보통신,"=HYPERLINK(""https://finance.naver.com/item/coinfo.nhn?code=036800"", ""A036800"")","=HYPERLINK(""http://comp.fnguide.com/SVO2/ASP/SVD_Consensus.asp?pGB=1&gicode=A036800&cID=&MenuYn=Y&ReportGB=&NewMenuID=108&stkGb=701"", ""나이스정보통신"")",3,27800,0.32,5.91,46366,45814,45620,66.78,64.8,64.1,11.04,True,3,4287.0,5020.0,17.1,"[3028.0, 3830.0, 4287.0, 5020.0]","[26.5, 11.9, 17.1]",18.347522021892825,70.3,"[2.5, -25.7, 26.5, 12.0, 70.3]",12.939841798503071,2780.0,36363,"[3299.0, 3528.0, 3960.0, 4455.0]",42.7,"[9.43, 11.22, 11.45, 11.93]","[7.12, 4.68, 5.91, 5.54]",10947.0,553.0,1264050.0,4.34,True
A043150,바텍,"=HYPERLINK(""https://finance.naver.com/item/coinfo.nhn?code=043150"", ""A043150"")","=HYPERLINK(""http://comp.fnguide.com/SVO2/ASP/SVD_Consensus.asp?pGB=1&gicode=A043150&cID=&MenuYn=Y&ReportGB=&NewMenuID=108&stkGb=701"", ""바텍"")",3,18630,-3.63,7.24,33551,33455,33421,80.09,79.58,79.4,10.85,True,1,2701.0,3277.0,21.3,"[3483.0, 3712.0, 2701.0, 3277.0]","[6.6, -27.2, 21.3]",-1.9946475226628957,17.4,"[50.1, -32.7, 6.6, -27.2, 17.4]",-1.6463486797560933,2767.0,21388,"[3986.0, 4534.0, 4957.0, 5386.0]",53.65,"[13.83, 12.94, 8.46, 9.41]","[9.55, 5.09, 7.24, 5.69]",4264.0,548.0,,1.53,True
A194700,노바렉스,"=HYPERLINK(""https://finance.naver.com/item/coinfo.nhn?code=194700"", ""A194700"")","=HYPERLINK(""http://comp.fnguide.com/SVO2/ASP/SVD_Consensus.asp?pGB=1&gicode=A194700&cID=&MenuYn=Y&ReportGB=&NewMenuID=108&stkGb=701"", ""노바렉스"")",3,14970,0.0,7.41,17279,15667,15103,15.42,4.66,0.89,13.08,True,0,1888.0,,,"[1175.0, 1227.0, 1888.0, nan]","[4.4, 53.9, nan]",0.0,106.5,"[-26.8, 3.8, 1.1, 56.5, 106.5]",19.94407446470705,2733.0,63595,"[2002.0, 2193.0, 2531.0, nan]",32.02,"[11.56, 10.97, 14.99, nan]","[10.33, 6.11, 7.41, nan]",4043.0,431.0,500000.0,2.86,True
A096760,JW홀딩스,"=HYPERLINK(""https://finance.naver.com/item/coinfo.nhn?code=096760"", ""A096760"")","=HYPERLINK(""http://comp.fnguide.com/SVO2/ASP/SVD_Consensus.asp?pGB=1&gicode=A096760&cID=&MenuYn=Y&ReportGB=&NewMenuID=108&stkGb=701"", ""JW홀딩스"")",3,3690,0.0,4.54,9421,6457,5418,155.3,74.98,46.83,26.34,True,0,791.0,,,"[257.0, 847.0, 791.0, nan]","[229.6, -6.6, nan]",0.0,103.9,"[nan, -14.1, 229.1, -6.6, 103.9]",0.0,2728.0,92563,"[1240.0, 2295.0, 2670.0, nan]",52.33,"[16.48, 35.43, 23.57, nan]","[13.56, 3.57, 4.54, nan]",9696.0,1679.0,4734115.0,5.99,True
A092730,네오팜,"=HYPERLINK(""https://finance.naver.com/item/coinfo.nhn?code=092730"", ""A092730"")","=HYPERLINK(""http://comp.fnguide.com/SVO2/ASP/SVD_Consensus.asp?pGB=1&gicode=A092730&cID=&MenuYn=Y&ReportGB=&NewMenuID=108&stkGb=701"", ""네오팜"")",1,16840,1.76,10.58,16902,14552,13729,0.37,-13.59,-18.48,14.6,True,0,1736.0,1726.0,-0.6,"[1448.0, 1439.0, 1736.0, 1726.0]","[-0.6, 20.6, -0.6]",6.016474714761144,20.8,"[7.9, 30.4, -2.2, 21.9, 20.8]",15.17062036214103,2699.0,62594,"[1600.0, 1769.0, 1954.0, nan]",42.34,"[15.36, 13.69, 14.95, 14.16]","[9.14, 8.23, 10.58, 9.76]",1322.0,288.0,386733.0,4.08,True
A352480,씨앤씨인터내셔널,"=HYPERLINK(""https://finance.naver.com/item/coinfo.nhn?code=352480"", ""A352480"")","=HYPERLINK(""http://comp.fnguide.com/SVO2/ASP/SVD_Consensus.asp?pGB=1&gicode=A352480&cID=&MenuYn=Y&ReportGB=&NewMenuID=108&stkGb=701"", ""씨앤씨인터내셔널"")",3,19700,-0.91,22.32,28238,27091,26690,43.34,37.52,35.48,11.68,True,1,1328.0,1343.0,1.1,"[3137.0, 3240.0, 1328.0, 1343.0]","[3.3, -59.0, 1.1]",-24.627698283380884,-8.0,"[nan, 90.9, 3.3, -59.0, -8.0]",0.0,2685.0,36542,"[1726.0, 2058.0, 3544.0, nan]",75.04,"[20.48, 17.15, 5.1, 5.16]","[19.89, 14.11, 22.32, 14.67]",2885.0,222.0,44220.0,,True
A054950,제이브이엠,"=HYPERLINK(""https://finance.naver.com/item/coinfo.nhn?code=054950"", ""A054950"")","=HYPERLINK(""http://comp.fnguide.com/SVO2/ASP/SVD_Consensus.asp?pGB=1&gicode=A054950&cID=&MenuYn=Y&ReportGB=&NewMenuID=108&stkGb=701"", ""제이브이엠"")",2,22150,1.23,11.02,26546,23204,22032,19.85,4.76,-0.53,14.13,True,1,2345.0,2807.0,19.7,"[2171.0, 2386.0, 2345.0, 2807.0]","[9.9, -1.7, 19.7]",8.94696095312586,-2.4,"[76.0, 66.6, 9.9, -1.7, -2.4]",25.325007294035572,2678.0,30623,"[1795.0, 2023.0, 2339.0, 2540.0]",39.19,"[15.55, 15.11, 13.0, 13.91]","[12.21, 7.99, 11.02, 7.89]",1731.0,333.0,552903.0,2.51,True
A051360,토비스,"=HYPERLINK(""https://finance.naver.com/item/coinfo.nhn?code=051360"", ""A051360"")","=HYPERLINK(""http://comp.fnguide.com/SVO2/ASP/SVD_Consensus.asp?pGB=1&gicode=A051360&cID=&MenuYn=Y&ReportGB=&NewMenuID=108&stkGb=701"", ""토비스"")",3,17190,0.0,5.82,31752,24834,22409,84.71,44.47,30.36,18.25,False,0,2691.0,,,"[710.0, 3565.0, 2691.0, nan]","[402.1, -24.5, nan]",0.0,89.6,"[nan, nan, 401.9, -24.5, 89.6]",0.0,2564.0,85274,"[1914.0, 2402.0, 2800.0, nan]",16.93,"[6.26, 26.76, 16.58, nan]","[23.1, 5.6, 5.82, nan]",6403.0,572.0,,2.24,True
A019010,베뉴지,"=HYPERLINK(""https://finance.naver.com/item/coinfo.nhn?code=019010"", ""A019010"")","=HYPERLINK(""http://comp.fnguide.com/SVO2/ASP/SVD_Consensus.asp?pGB=1&gicode=A019010&cID=&MenuYn=Y&ReportGB=&NewMenuID=108&stkGb=701"", ""베뉴지"")",3,5150,0.0,1.38,12897,11202,10608,150.42,117.51,105.98,14.32,True,0,1945.0,,,"[285.0, -262.0, 1945.0, nan]","[-191.9, -842.4, nan]",0.0,510.8,"[nan, nan, nan, nan, 510.8]",0.0,2482.0,124495,"[3142.0, 2996.0, 3906.0, nan]",51.96,"[4.45, -4.11, 27.16, nan]","[7.33, nan, 1.38, nan]",482.0,150.0,8000000.0,2.61,True
A093520,매커스,"=HYPERLINK(""https://finance.naver.com/item/coinfo.nhn?code=093520"", ""A093520"")","=HYPERLINK(""http://comp.fnguide.com/SVO2/ASP/SVD_Consensus.asp?pGB=1&gicode=A093520&cID=&MenuYn=Y&ReportGB=&NewMenuID=108&stkGb=701"", ""매커스"")",1,20800,0.76,14.58,26663,20401,18207,28.19,-1.92,-12.47,19.29,True,2,1505.0,2120.0,40.9,"[1252.0, 1240.0, 1505.0, 2120.0]","[-1.0, 21.4, 40.9]",19.194154725153023,9.0,"[-11.3, -8.5, -1.0, 21.4, 9.0]",1.2336786543506006,2476.0,34994,"[1024.0, 1132.0, 1257.0, 1420.0]",14.93,"[20.67, 18.59, 19.3, 20.03]","[9.98, 6.64, 14.58, 9.81]",2272.0,291.0,3472904.0,5.47,True
A472850,폰드그룹,"=HYPERLINK(""https://finance.naver.com/item/coinfo.nhn?code=472850"", ""A472850"")","=HYPERLINK(""http://comp.fnguide.com/SVO2/ASP/SVD_Consensus.asp?pGB=1&gicode=A472850&cID=&MenuYn=Y&ReportGB=&NewMenuID=108&stkGb=701"", ""폰드그룹"")",2,4230,0.0,9.44,4504,4274,4194,6.48,1.05,-0.86,11.93,True,0,600.0,,,"[4.0, 437.0, 600.0, nan]","[10825.0, 37.3, nan]",0.0,34.9,"[nan, nan, 10487.9, 37.1, 34.9]",0.0,2435.0,67854,"[1872.0, 2121.0, 2344.0, nan]",76.45,"[nan, 12.61, 15.46, nan]","[nan, 6.73, 9.44, nan]",4856.0,574.0,17956.0,2.78,True
A023760,한국캐피탈,"=HYPERLINK(""https://finance.naver.com/item/coinfo.nhn?code=023760"", ""A023760"")","=HYPERLINK(""http://comp.fnguide.com/SVO2/ASP/SVD_Consensus.asp?pGB=1&gicode=A023760&cID=&MenuYn=Y&ReportGB=&NewMenuID=108&stkGb=701"", ""한국캐피탈"")",3,750,0.0,2.52,2973,2673,2568,296.45,256.43,242.4,13.31,False,0,319.0,,,"[210.0, 257.0, 319.0, nan]","[22.4, 24.1, nan]",0.0,,[],27.902610258497695,2367.0,304907,"[6120.0, 6737.0, 7541.0, nan]",80.5,"[12.39, 12.62, 14.08, nan]","[2.8, 2.13, 2.52, nan]",1747.0,1279.0,2719001.0,4.98,True
A206640,바디텍메드,"=HYPERLINK(""https://finance.naver.com/item/coinfo.nhn?code=206640"", ""A206640"")","=HYPERLINK(""http://comp.fnguide.com/SVO2/ASP/SVD_Consensus.asp?pGB=1&gicode=A206640&cID=&MenuYn=Y&ReportGB=&NewMenuID=108&stkGb=701"", ""바디텍메드"")",3,10790,0.0,12.96,12256,11403,11104,13.59,5.68,2.91,12.41,False,0,1012.0,,,"[1105.0, 1161.0, 1012.0, nan]","[5.1, -12.8, nan]",0.0,35.2,"[-45.6, 7.4, 5.1, -12.8, 35.2]",-6.256791302303444,2364.0,26854,"[1862.0, 2103.0, 2313.0, nan]",24.21,"[14.84, 13.75, 10.71, nan]","[18.56, 14.46, 12.96, nan]",1621.0,289.0,200000.0,1.14,True
A136490,선진,"=HYPERLINK(""https://finance.naver.com/item/coinfo.nhn?code=136490"", ""A136490"")","=HYPERLINK(""http://comp.fnguide.com/SVO2/ASP/SVD_Consensus.asp?pGB=1&gicode=A136490&cID=&MenuYn=Y&ReportGB=&NewMenuID=108&stkGb=701"", ""선진"")",3,9730,0.0,1.94,27887,25645,24860,186.61,163.57,155.49,12.71,True,0,5002.0,,,"[585.0, 230.0, 5002.0, nan]","[-60.7, 2074.8, nan]",0.0,-14.2,"[-27.5, -40.0, -60.7, 2073.0, -14.2]",26.091486390025985,2314.0,77622,"[4301.0, 4493.0, 5631.0, nan]",50.06,"[3.26, 1.24, 23.5, nan]","[11.31, 24.5, 1.94, nan]",18957.0,1792.0,396.0,2.06,True
A190510,나무가,"=HYPERLINK(""https://finance.naver.com/item/coinfo.nhn?code=190510"", ""A190510"")","=HYPERLINK(""http://comp.fnguide.com/SVO2/ASP/SVD_Consensus.asp?pGB=1&gicode=A190510&cID=&MenuYn=Y&ReportGB=&NewMenuID=108&stkGb=701"", ""나무가"")",1,16370,0.0,10.26,17905,14859,13792,9.37,-9.23,-15.75,15.85,False,0,1700.0,,,"[1450.0, 1607.0, 1700.0, nan]","[10.8, 5.8, nan]",0.0,-47.4,"[82.2, -31.6, 10.8, 5.8, -47.4]",-5.131260701758899,2306.0,60272,"[1471.0, 1669.0, 1717.0, nan]",38.9,"[17.32, 16.64, 14.83, nan]","[9.72, 8.23, 10.26, nan]",4599.0,282.0,,4.17,True
A134380,미원화학,"=HYPERLINK(""https://finance.naver.com/item/coinfo.nhn?code=134380"", ""A134380"")","=HYPERLINK(""http://comp.fnguide.com/SVO2/ASP/SVD_Consensus.asp?pGB=1&gicode=A134380&cID=&MenuYn=Y&ReportGB=&NewMenuID=108&stkGb=701"", ""미원화학"")",2,10400,0.0,8.25,13139,10909,10128,26.34,4.9,-2.62,15.83,False,0,1124.0,,,"[992.0, 1225.0, 1124.0, nan]","[23.5, -8.2, nan]",0.0,45.9,"[43.3, 34.2, 23.5, -8.2, 45.9]",26.041257485914837,2287.0,3754,"[1445.0, 1624.0, 1736.0, nan]",55.34,"[15.74, 17.55, 14.72, nan]","[7.18, 6.44, 8.25, nan]",2845.0,292.0,2605150.0,4.85,True
A461300,아이스크림미디어,"=HYPERLINK(""https://finance.naver.com/item/coinfo.nhn?code=461300"", ""A461300"")","=HYPERLINK(""http://comp.fnguide.com/SVO2/ASP/SVD_Consensus.asp?pGB=1&gicode=A461300&cID=&MenuYn=Y&ReportGB=&NewMenuID=108&stkGb=701"", ""아이스크림미디어"")",3,17100,0.0,4.67,41378,27888,23160,141.98,63.09,35.44,27.79,True,0,3723.0,,,"[2851.0, 2712.0, 3723.0, nan]","[-4.9, 37.3, nan]",0.0,,"[96.1, 35.0, -4.9, 37.3, nan]",0.0,2278.0,42562,"[836.0, 1833.0, 2044.0, nan]",60.8,"[44.11, 23.29, 25.36, nan]","[nan, 4.33, 4.67, nan]",1959.0,618.0,598969.0,8.93,True
A011560,세보엠이씨,"=HYPERLINK(""https://finance.naver.com/item/coinfo.nhn?code=011560"", ""A011560"")","=HYPERLINK(""http://comp.fnguide.com/SVO2/ASP/SVD_Consensus.asp?pGB=1&gicode=A011560&cID=&MenuYn=Y&ReportGB=&NewMenuID=108&stkGb=701"", ""세보엠이씨"")",3,22400,0.64,4.1,35216,30815,29273,57.21,37.57,30.68,14.09,True,2,3377.0,4249.0,25.8,"[3525.0, 2666.0, 3377.0, 4249.0]","[-24.4, 26.7, 25.8]",6.412590846106614,46.4,"[102.8, 57.1, -24.4, 26.7, 46.4]",34.90148317834026,2259.0,41905,"[2172.0, 2417.0, 2712.0, 3081.0]",49.57,"[18.53, 12.23, 13.86, 14.95]","[2.48, 3.79, 4.1, 5.27]",7158.0,404.0,24872.0,4.33,True
A036030,케이티알파,"=HYPERLINK(""https://finance.naver.com/item/coinfo.nhn?code=036030"", ""A036030"")","=HYPERLINK(""http://comp.fnguide.com/SVO2/ASP/SVD_Consensus.asp?pGB=1&gicode=A036030&cID=&MenuYn=Y&ReportGB=&NewMenuID=108&stkGb=701"", ""케이티알파"")",3,4530,0.0,6.11,6580,6368,6294,45.25,40.58,38.95,11.48,True,0,890.0,,,"[332.0, 401.0, 890.0, nan]","[20.8, 121.9, nan]",0.0,5.6,"[nan, 140.2, 20.9, 121.8, 5.6]",0.0,2221.0,69110,"[2443.0, 2613.0, 3031.0, nan]",72.97,"[6.92, 7.78, 15.47, nan]","[18.05, 8.77, 6.11, nan]",3959.0,442.0,142.0,5.15,True
A051370,인터플렉스,"=HYPERLINK(""https://finance.naver.com/item/coinfo.nhn?code=051370"", ""A051370"")","=HYPERLINK(""http://comp.fnguide.com/SVO2/ASP/SVD_Consensus.asp?pGB=1&gicode=A051370&cID=&MenuYn=Y&ReportGB=&NewMenuID=108&stkGb=701"", ""인터플렉스"")",3,9350,-0.98,7.5,18558,15759,14778,98.48,68.55,58.06,15.05,False,0,1410.0,922.0,-34.6,"[1171.0, 2363.0, 1410.0, 922.0]","[101.8, -40.3, -34.6]",-7.638478100244351,22.3,"[nan, 78.5, 101.8, -40.3, 22.3]",0.0,2181.0,170380,"[2205.0, 2818.0, 3104.0, 3319.0]",47.72,"[13.06, 21.95, 11.11, 6.69]","[9.08, 3.88, 7.5, 10.14]",4680.0,286.0,,,True
A003650,미창석유,"=HYPERLINK(""https://finance.naver.com/item/coinfo.nhn?code=003650"", ""A003650"")","=HYPERLINK(""http://comp.fnguide.com/SVO2/ASP/SVD_Consensus.asp?pGB=1&gicode=A003650&cID=&MenuYn=Y&ReportGB=&NewMenuID=108&stkGb=701"", ""미창석유"")",3,121300,0.0,3.07,427225,368411,347800,252.21,203.72,186.73,14.55,False,0,39586.0,,,"[27388.0, 30250.0, 39586.0, nan]","[10.4, 30.9, nan]",0.0,443.6,"[-32.2, 128.1, 10.5, 30.9, 443.6]",64.81140827967647,2110.0,2299,"[3649.0, 4125.0, 4794.0, nan]",40.24,"[13.89, 13.54, 15.44, nan]","[2.62, 2.96, 3.07, nan]",4055.0,346.0,226693.0,2.88,True
A353810,이지바이오,"=HYPERLINK(""https://finance.naver.com/item/coinfo.nhn?code=353810"", ""A353810"")","=HYPERLINK(""http://comp.fnguide.com/SVO2/ASP/SVD_Consensus.asp?pGB=1&gicode=A353810&cID=&MenuYn=Y&ReportGB=&NewMenuID=108&stkGb=701"", ""이지바이오"")",1,6340,0.17,6.97,8418,5659,4692,32.78,-10.74,-25.99,28.03,True,3,834.0,1251.0,50.0,"[455.0, 573.0, 834.0, 1251.0]","[25.9, 45.5, 50.0]",40.064043827556816,107.5,"[-16.0, 70.2, 26.1, 45.4, 107.5]",40.316029550348546,2097.0,154556,"[628.0, 840.0, 1072.0, 1295.0]",51.53,"[27.57, 26.72, 29.06, 34.98]","[7.96, 7.34, 6.97, 5.07]",4769.0,450.0,,4.3,True
A035150,백산,"=HYPERLINK(""https://finance.naver.com/item/coinfo.nhn?code=035150"", ""A035150"")","=HYPERLINK(""http://comp.fnguide.com/SVO2/ASP/SVD_Consensus.asp?pGB=1&gicode=A035150&cID=&MenuYn=Y&ReportGB=&NewMenuID=108&stkGb=701"", ""백산"")",3,10270,0.86,8.21,23039,17696,15823,124.34,72.31,54.07,19.11,False,1,1590.0,2365.0,48.7,"[1798.0, 2757.0, 1590.0, 2365.0]","[53.3, -42.3, 48.7]",9.566127485011865,2.0,"[136.3, -3.9, 53.3, -42.3, 2.0]",15.425310052279828,2057.0,23016,"[2061.0, 2481.0, 2586.0, nan]",61.23,"[21.47, 26.75, 13.22, 18.41]","[5.92, 4.77, 8.21, 4.34]",5049.0,536.0,154908.0,3.45,True
A005710,대원산업,"=HYPERLINK(""https://finance.naver.com/item/coinfo.nhn?code=005710"", ""A005710"")","=HYPERLINK(""http://comp.fnguide.com/SVO2/ASP/SVD_Consensus.asp?pGB=1&gicode=A005710&cID=&MenuYn=Y&ReportGB=&NewMenuID=108&stkGb=701"", ""대원산업"")",3,10230,0.0,3.69,36330,32514,31177,255.13,217.83,204.76,13.44,True,0,3836.0,,,"[1784.0, 3624.0, 3836.0, nan]","[103.1, 5.8, nan]",0.0,-23.9,"[15.0, -5.1, 103.2, 5.9, -23.9]",12.313943099994962,2050.0,10342,"[4458.0, 5124.0, 5845.0, nan]",62.95,"[8.28, 15.16, 14.01, nan]","[3.27, 1.63, 3.69, nan]",10589.0,708.0,,1.77,True
A214180,헥토이노베이션,"=HYPERLINK(""https://finance.naver.com/item/coinfo.nhn?code=214180"", ""A214180"")","=HYPERLINK(""http://comp.fnguide.com/SVO2/ASP/SVD_Consensus.asp?pGB=1&gicode=A214180&cID=&MenuYn=Y&ReportGB=&NewMenuID=108&stkGb=701"", ""헥토이노베이션"")",3,15310,0.32,6.92,23582,20429,19324,54.03,33.44,26.22,14.4,True,3,2329.0,3075.0,32.0,"[1720.0, 2105.0, 2329.0, 3075.0]","[22.4, 10.6, 32.0]",21.349174225565413,-8.4,"[38.8, -22.6, 22.4, 10.6, -8.4]",5.904030556106288,1989.0,71089,"[1744.0, 2072.0, 2223.0, 2510.0]",39.38,"[14.5, 14.63, 14.22, 16.88]","[8.53, 5.86, 6.92, 4.98]",3758.0,502.0,409800.0,3.1,True
A066620,국보디자인,"=HYPERLINK(""https://finance.naver.com/item/coinfo.nhn?code=066620"", ""A066620"")","=HYPERLINK(""http://comp.fnguide.com/SVO2/ASP/SVD_Consensus.asp?pGB=1&gicode=A066620&cID=&MenuYn=Y&ReportGB=&NewMenuID=108&stkGb=701"", ""국보디자인"")",3,25850,0.0,4.42,65198,55962,52726,152.22,116.49,103.97,14.7,True,0,5293.0,,,"[3685.0, 5430.0, 5293.0, nan]","[47.4, -2.5, nan]",0.0,78.1,"[6.8, 32.4, 47.4, -2.5, 78.1]",29.337675470450876,1939.0,11441,"[2105.0, 2798.0, 3239.0, nan]",53.11,"[15.51, 16.61, 13.15, nan]","[3.87, 3.32, 4.42, nan]",4389.0,458.0,733339.0,2.14,True
A007860,서연,"=HYPERLINK(""https://finance.naver.com/item/coinfo.nhn?code=007860"", ""A007860"")","=HYPERLINK(""http://comp.fnguide.com/SVO2/ASP/SVD_Consensus.asp?pGB=1&gicode=A007860&cID=&MenuYn=Y&ReportGB=&NewMenuID=108&stkGb=701"", ""서연"")",3,8140,0.0,4.05,47188,43596,42337,479.71,435.58,420.11,12.59,True,0,2380.0,,,"[4783.0, 5706.0, 2380.0, nan]","[19.3, -58.3, nan]",0.0,121.6,"[178.1, 70.6, 19.3, -58.3, 121.6]",39.22116194545631,1911.0,104850,"[6430.0, 8182.0, 8780.0, nan]",46.87,"[19.08, 18.34, 6.59, nan]","[1.8, 1.18, 4.05, nan]",49161.0,1996.0,1772558.0,2.59,True
A003350,한국화장품제조,"=HYPERLINK(""https://finance.naver.com/item/coinfo.nhn?code=003350"", ""A003350"")","=HYPERLINK(""http://comp.fnguide.com/SVO2/ASP/SVD_Consensus.asp?pGB=1&gicode=A003350&cID=&MenuYn=Y&ReportGB=&NewMenuID=108&stkGb=701"", ""한국화장품제조"")",3,8210,0.0,8.1,16002,10553,8643,94.91,28.54,5.28,29.89,False,0,1208.0,,,"[321.0, 1021.0, 1208.0, nan]","[218.1, 18.3, nan]",0.0,43.8,"[nan, 80.5, 217.8, 18.3, 43.8]",0.0,1860.0,62072,"[526.0, 742.0, 1047.0, nan]",45.03,"[14.58, 36.48, 30.6, nan]","[14.56, 10.13, 8.1, nan]",1846.0,329.0,4534965.0,0.61,True
A083930,아바코,"=HYPERLINK(""https://finance.naver.com/item/coinfo.nhn?code=083930"", ""A083930"")","=HYPERLINK(""http://comp.fnguide.com/SVO2/ASP/SVD_Consensus.asp?pGB=1&gicode=A083930&cID=&MenuYn=Y&ReportGB=&NewMenuID=108&stkGb=701"", ""아바코"")",3,12510,0.0,7.04,17029,16565,16402,36.12,32.41,31.11,11.37,True,0,1939.0,,,"[276.0, 1589.0, 1939.0, nan]","[475.7, 22.0, nan]",0.0,,"[44.4, -76.5, 475.4, 22.0, nan]",0.0,1836.0,128572,"[1842.0, 1987.0, 2218.0, nan]",30.05,"[2.41, 12.48, 13.62, nan]","[55.18, 7.56, 7.04, nan]",3929.0,346.0,950002.0,3.66,True
A950140,잉글우드랩,"=HYPERLINK(""https://finance.naver.com/item/coinfo.nhn?code=950140"", ""A950140"")","=HYPERLINK(""http://comp.fnguide.com/SVO2/ASP/SVD_Consensus.asp?pGB=1&gicode=A950140&cID=&MenuYn=Y&ReportGB=&NewMenuID=108&stkGb=701"", ""잉글우드랩"")",3,9090,0.0,9.02,12613,10306,9498,38.75,13.38,4.49,16.43,False,0,1249.0,,,"[1044.0, 988.0, 1249.0, nan]","[-5.4, 26.4, nan]",0.0,117.7,"[-51.6, 185.5, -5.4, 26.4, 117.7]",29.178317203979077,1806.0,16983,"[1149.0, 1439.0, 1646.0, nan]",71.75,"[19.95, 15.17, 16.09, nan]","[12.77, 6.9, 9.02, nan]",2168.0,374.0,,,True
A071200,인피니트헬스케어,"=HYPERLINK(""https://finance.naver.com/item/coinfo.nhn?code=071200"", ""A071200"")","=HYPERLINK(""http://comp.fnguide.com/SVO2/ASP/SVD_Consensus.asp?pGB=1&gicode=A071200&cID=&MenuYn=Y&ReportGB=&NewMenuID=108&stkGb=701"", ""인피니트헬스케어"")",3,7290,0.0,5.5,13090,10305,9329,79.56,41.36,27.97,17.96,True,0,1082.0,,,"[675.0, 1549.0, 1082.0, nan]","[129.5, -30.1, nan]",0.0,,"[-99.4, 12411.0, 129.6, -30.1, nan]",0.0,1779.0,46784,"[1314.0, 1685.0, 1917.0, nan]",50.6,"[13.36, 25.21, 14.66, nan]","[7.78, 2.72, 5.5, nan]",1024.0,142.0,20005.0,3.36,True
A123410,코리아에프티,"=HYPERLINK(""https://finance.naver.com/item/coinfo.nhn?code=123410"", ""A123410"")","=HYPERLINK(""http://comp.fnguide.com/SVO2/ASP/SVD_Consensus.asp?pGB=1&gicode=A123410&cID=&MenuYn=Y&ReportGB=&NewMenuID=108&stkGb=701"", ""코리아에프티"")",3,6290,0.0,5.22,16089,12513,11259,155.79,98.93,79.0,18.51,True,0,1577.0,,,"[1097.0, 1261.0, 1577.0, nan]","[14.9, 25.1, nan]",0.0,-17.2,"[67.6, 226.7, 15.0, 25.0, -17.2]",45.48300661146456,1751.0,202366,"[1723.0, 2145.0, 2605.0, nan]",39.52,"[19.34, 18.15, 18.48, nan]","[3.3, 3.47, 5.22, nan]",7859.0,454.0,61227.0,2.43,True
A234080,JW생명과학,"=HYPERLINK(""https://finance.naver.com/item/coinfo.nhn?code=234080"", ""A234080"")","=HYPERLINK(""http://comp.fnguide.com/SVO2/ASP/SVD_Consensus.asp?pGB=1&gicode=A234080&cID=&MenuYn=Y&ReportGB=&NewMenuID=108&stkGb=701"", ""JW생명과학"")",3,11040,-7.62,7.11,23865,18739,16943,116.17,69.74,53.47,18.07,True,0,1807.0,1730.0,-4.3,"[1777.0, 2778.0, 1807.0, 1730.0]","[56.3, -35.0, -4.3]",-0.9332100528641196,9.5,"[15.9, 88.1, 56.3, -35.0, 9.5]",19.3855424533091,1748.0,67244,"[1594.0, 2004.0, 2206.0, 2327.0]",43.09,"[18.78, 24.45, 13.59, 12.09]","[7.24, 3.92, 7.11, 6.38]",2578.0,332.0,350000.0,4.28,True
A031440,신세계푸드,"=HYPERLINK(""https://finance.naver.com/item/coinfo.nhn?code=031440"", ""A031440"")","=HYPERLINK(""http://comp.fnguide.com/SVO2/ASP/SVD_Consensus.asp?pGB=1&gicode=A031440&cID=&MenuYn=Y&ReportGB=&NewMenuID=108&stkGb=701"", ""신세계푸드"")",3,44750,0.0,2.4,126102,111655,106592,181.79,149.51,138.19,13.74,True,0,19939.0,,,"[2749.0, 2892.0, 19939.0, nan]","[5.2, 589.5, nan]",0.0,-23.3,"[nan, nan, 5.2, 589.5, -23.3]",0.0,1733.0,16247,"[2899.0, 2935.0, 3579.0, nan]",66.46,"[3.66, 3.84, 23.71, nan]","[14.35, 12.45, 2.4, nan]",12332.0,48.0,257029.0,1.88,True
A264450,유비쿼스,"=HYPERLINK(""https://finance.naver.com/item/coinfo.nhn?code=264450"", ""A264450"")","=HYPERLINK(""http://comp.fnguide.com/SVO2/ASP/SVD_Consensus.asp?pGB=1&gicode=A264450&cID=&MenuYn=Y&ReportGB=&NewMenuID=108&stkGb=701"", ""유비쿼스"")",3,11790,0.0,6.0,16595,14866,14261,40.75,26.09,20.95,13.41,False,0,1618.0,,,"[1685.0, 1392.0, 1618.0, nan]","[-17.4, 16.2, nan]",0.0,118.9,"[-25.4, 20.5, -17.4, 16.2, 118.9]",13.56161555216675,1729.0,104167,"[1651.0, 1766.0, 1958.0, nan]",43.26,"[16.81, 12.45, 12.92, nan]","[6.43, 5.75, 6.0, nan]",1164.0,231.0,,4.85,True
A114840,아이패밀리에스씨,"=HYPERLINK(""https://finance.naver.com/item/coinfo.nhn?code=114840"", ""A114840"")","=HYPERLINK(""http://comp.fnguide.com/SVO2/ASP/SVD_Consensus.asp?pGB=1&gicode=A114840&cID=&MenuYn=Y&ReportGB=&NewMenuID=108&stkGb=701"", ""아이패밀리에스씨"")",2,9980,1.66,10.82,16602,11106,9180,66.35,11.28,-8.02,28.48,True,1,1261.0,1409.0,11.7,"[1166.0, 1644.0, 1261.0, 1409.0]","[41.0, -23.3, 11.7]",6.501538914040816,-52.8,"[71.1, 157.4, 41.0, -23.3, -52.8]",17.58800047492979,1729.0,114879,"[690.0, 916.0, 1045.0, nan]",41.74,"[33.55, 35.26, 22.28, 23.36]","[11.28, 11.37, 10.82, 7.08]",2241.0,271.0,702949.0,2.19,True
A079960,동양이엔피,"=HYPERLINK(""https://finance.naver.com/item/coinfo.nhn?code=079960"", ""A079960"")","=HYPERLINK(""http://comp.fnguide.com/SVO2/ASP/SVD_Consensus.asp?pGB=1&gicode=A079960&cID=&MenuYn=Y&ReportGB=&NewMenuID=108&stkGb=701"", ""동양이엔피"")",3,21750,0.0,4.06,80678,68798,64634,270.93,216.31,197.17,14.91,False,0,6293.0,,,"[5975.0, 8849.0, 6293.0, nan]","[48.1, -28.9, nan]",0.0,-12.1,"[29.6, 104.6, 48.1, -28.9, -12.1]",19.669873802849615,1710.0,39055,"[3262.0, 3966.0, 4409.0, nan]",40.39,"[15.53, 19.25, 11.81, nan]","[3.48, 2.03, 4.06, nan]",5965.0,536.0,308342.0,1.76,True
A481070,에이유브랜즈,"=HYPERLINK(""https://finance.naver.com/item/coinfo.nhn?code=481070"", ""A481070"")","=HYPERLINK(""http://comp.fnguide.com/SVO2/ASP/SVD_Consensus.asp?pGB=1&gicode=A481070&cID=&MenuYn=Y&ReportGB=&NewMenuID=108&stkGb=701"", ""에이유브랜즈"")",1,11740,0.0,36.27,16266,10145,8000,38.55,-13.59,-31.86,36.72,False,0,615.0,,,"[1034.0, 807.0, 615.0, nan]","[-22.0, -23.8, nan]",0.0,254.6,"[nan, 127.5, -22.0, -23.8, 254.6]",0.0,1682.0,70881,"[204.0, 321.0, 685.0, nan]",60.39,"[92.91, 38.45, 16.83, nan]","[nan, nan, 36.27, nan]",600.0,101.0,,,True
A024800,유성티엔에스,"=HYPERLINK(""https://finance.naver.com/item/coinfo.nhn?code=024800"", ""A024800"")","=HYPERLINK(""http://comp.fnguide.com/SVO2/ASP/SVD_Consensus.asp?pGB=1&gicode=A024800&cID=&MenuYn=Y&ReportGB=&NewMenuID=108&stkGb=701"", ""유성티엔에스"")",3,4535,0.0,1.67,17805,16781,16422,292.61,270.03,262.12,12.09,True,0,1480.0,,,"[1509.0, 1537.0, 1480.0, nan]","[1.9, -3.7, nan]",0.0,-32.5,"[38.5, -7.1, 1.8, -3.7, -32.5]",-3.165823164735404,1680.0,134602,"[4215.0, 4754.0, 5305.0, nan]",61.98,"[14.47, 12.7, 10.9, nan]","[1.47, 1.22, 1.67, nan]",670.0,12.0,3652884.0,,True
A015230,대창단조,"=HYPERLINK(""https://finance.naver.com/item/coinfo.nhn?code=015230"", ""A015230"")","=HYPERLINK(""http://comp.fnguide.com/SVO2/ASP/SVD_Consensus.asp?pGB=1&gicode=A015230&cID=&MenuYn=Y&ReportGB=&NewMenuID=108&stkGb=701"", ""대창단조"")",3,6100,0.0,6.26,12846,12825,12817,110.59,110.24,110.12,10.82,True,0,1007.0,,,"[1188.0, 1175.0, 1007.0, nan]","[-1.1, -14.3, nan]",0.0,19.2,"[37.8, -7.5, -1.1, -14.3, 19.2]",5.188645754908494,1656.0,48465,"[2666.0, 2995.0, 3229.0, nan]",48.23,"[13.47, 11.86, 9.25, nan]","[5.14, 4.24, 6.26, nan]",3463.0,380.0,1929680.0,2.85,True
A016880,웅진,"=HYPERLINK(""https://finance.naver.com/item/coinfo.nhn?code=016880"", ""A016880"")","=HYPERLINK(""http://comp.fnguide.com/SVO2/ASP/SVD_Consensus.asp?pGB=1&gicode=A016880&cID=&MenuYn=Y&ReportGB=&NewMenuID=108&stkGb=701"", ""웅진"")",3,2070,0.0,1.55,10495,6110,4574,407.01,195.19,120.96,49.95,True,0,1511.0,,,"[-132.0, 38.0, 1511.0, nan]","[-128.8, 3876.3, nan]",0.0,-90.8,"[-64.4, nan, nan, 3832.3, -90.8]",0.0,1654.0,490929,"[650.0, 714.0, 1779.0, nan]",30.18,"[-14.77, 4.5, 96.89, nan]","[nan, 21.78, 1.55, nan]",11507.0,781.0,1464509.0,,True
A032620,GC메디아이,"=HYPERLINK(""https://finance.naver.com/item/coinfo.nhn?code=032620"", ""A032620"")","=HYPERLINK(""http://comp.fnguide.com/SVO2/ASP/SVD_Consensus.asp?pGB=1&gicode=A032620&cID=&MenuYn=Y&ReportGB=&NewMenuID=108&stkGb=701"", ""GC메디아이"")",2,3155,0.0,5.15,3966,3338,3117,25.72,5.79,-1.2,15.36,True,0,708.0,,,"[-33.0, -30.0, 708.0, nan]","[-9.1, -2460.0, nan]",0.0,-97.0,"[-73.1, nan, nan, nan, -97.0]",0.0,1647.0,94675,"[1051.0, 992.0, 1415.0, nan]",53.03,"[-1.54, -1.55, 30.72, nan]","[nan, nan, 5.15, nan]",1977.0,75.0,1413299.0,1.37,True
A023910,대한약품,"=HYPERLINK(""https://finance.naver.com/item/coinfo.nhn?code=023910"", ""A023910"")","=HYPERLINK(""http://comp.fnguide.com/SVO2/ASP/SVD_Consensus.asp?pGB=1&gicode=A023910&cID=&MenuYn=Y&ReportGB=&NewMenuID=108&stkGb=701"", ""대한약품"")",3,26050,0.0,6.35,52513,51736,51463,101.59,98.6,97.56,11.1,False,0,4607.0,,,"[4738.0, 5627.0, 4607.0, nan]","[18.8, -18.1, nan]",0.0,-8.7,"[10.1, 13.9, 18.8, -18.1, -8.7]",2.182478509304153,1563.0,10402,"[2480.0, 2760.0, 3002.0, nan]",39.67,"[12.01, 12.89, 9.6, nan]","[5.86, 4.66, 6.35, nan]",2086.0,312.0,120000.0,3.42,True
A259630,엠플러스,"=HYPERLINK(""https://finance.naver.com/item/coinfo.nhn?code=259630"", ""A259630"")","=HYPERLINK(""http://comp.fnguide.com/SVO2/ASP/SVD_Consensus.asp?pGB=1&gicode=A259630&cID=&MenuYn=Y&ReportGB=&NewMenuID=108&stkGb=701"", ""엠플러스"")",1,12500,2.43,7.0,16353,12164,10696,30.83,-2.69,-14.44,20.78,True,2,1689.0,1774.0,5.0,"[1629.0, 894.0, 1689.0, 1774.0]","[-45.1, 88.9, 5.0]",2.880058014478548,233.1,"[nan, nan, -45.1, 88.9, 233.1]",0.0,1528.0,169522,"[741.0, 846.0, 1020.0, 1218.0]",23.41,"[30.64, 13.84, 22.12, 19.39]","[7.09, 8.61, 7.0, 7.05]",1842.0,246.0,210301.0,1.69,True
A037030,파워넷,"=HYPERLINK(""https://finance.naver.com/item/coinfo.nhn?code=037030"", ""A037030"")","=HYPERLINK(""http://comp.fnguide.com/SVO2/ASP/SVD_Consensus.asp?pGB=1&gicode=A037030&cID=&MenuYn=Y&ReportGB=&NewMenuID=108&stkGb=701"", ""파워넷"")",3,5980,0.0,4.45,7857,6850,6497,31.39,14.55,8.64,14.21,False,1,603.0,913.0,51.4,"[-10.0, 1361.0, 603.0, 913.0]","[-13710.0, -55.7, 51.4]",0.0,-90.6,"[-31.1, nan, nan, -55.7, -90.6]",0.0,1526.0,738250,"[937.0, 1257.0, 1522.0, 1794.0]",37.71,"[-0.21, 26.23, 10.93, 14.05]","[nan, 1.68, 4.45, 6.55]",4470.0,246.0,5633.0,,True
A445180,퓨릿,"=HYPERLINK(""https://finance.naver.com/item/coinfo.nhn?code=445180"", ""A445180"")","=HYPERLINK(""http://comp.fnguide.com/SVO2/ASP/SVD_Consensus.asp?pGB=1&gicode=A445180&cID=&MenuYn=Y&ReportGB=&NewMenuID=108&stkGb=701"", ""퓨릿"")",1,8860,0.0,9.85,8878,7479,6989,0.2,-15.58,-21.11,15.32,True,0,893.0,,,"[837.0, 705.0, 893.0, nan]","[-15.8, 26.7, nan]",0.0,46.7,"[55.1, -0.2, -15.7, 26.6, 46.7]",19.367678224320972,1523.0,78055,"[833.0, 933.0, 1075.0, nan]",50.33,"[19.82, 13.39, 15.1, nan]","[13.03, 7.5, 9.85, nan]",1425.0,172.0,,1.37,True
A179290,엠아이텍,"=HYPERLINK(""https://finance.naver.com/item/coinfo.nhn?code=179290"", ""A179290"")","=HYPERLINK(""http://comp.fnguide.com/SVO2/ASP/SVD_Consensus.asp?pGB=1&gicode=A179290&cID=&MenuYn=Y&ReportGB=&NewMenuID=108&stkGb=701"", ""엠아이텍"")",2,4695,0.0,10.78,6172,4956,4530,31.46,5.56,-3.52,17.12,True,0,628.0,,,"[398.0, 565.0, 628.0, nan]","[42.0, 11.2, nan]",0.0,-16.9,"[54.7, -34.2, 42.1, 11.1, -16.9]",5.955882633358822,1520.0,106182,"[929.0, 1088.0, 1259.0, nan]",53.09,"[14.5, 18.13, 17.32, nan]","[16.99, 14.36, 10.78, nan]",672.0,207.0,,1.77,True
A067280,멀티캠퍼스,"=HYPERLINK(""https://finance.naver.com/item/coinfo.nhn?code=067280"", ""A067280"")","=HYPERLINK(""http://comp.fnguide.com/SVO2/ASP/SVD_Consensus.asp?pGB=1&gicode=A067280&cID=&MenuYn=Y&ReportGB=&NewMenuID=108&stkGb=701"", ""멀티캠퍼스"")",3,24750,0.0,7.02,49771,43973,41941,101.09,77.67,69.46,13.81,False,0,4417.0,,,"[5316.0, 5242.0, 4417.0, nan]","[-1.4, -15.7, nan]",0.0,-68.0,"[48.5, 4.1, -1.4, -15.7, -68.0]",-16.284412339779276,1467.0,11637,"[1936.0, 2163.0, 2305.0, nan]",62.46,"[17.37, 15.16, 11.72, nan]","[6.41, 5.7, 7.02, nan]",3308.0,319.0,,4.35,True
A003480,한진중공업홀딩스,"=HYPERLINK(""https://finance.naver.com/item/coinfo.nhn?code=003480"", ""A003480"")","=HYPERLINK(""http://comp.fnguide.com/SVO2/ASP/SVD_Consensus.asp?pGB=1&gicode=A003480&cID=&MenuYn=Y&ReportGB=&NewMenuID=108&stkGb=701"", ""한진중공업홀딩스"")",3,4910,0.0,2.33,19947,18400,17859,306.24,274.75,263.72,12.63,True,0,2001.0,,,"[256.0, 1915.0, 2001.0, nan]","[648.0, 4.5, nan]",0.0,26.1,"[nan, -48.5, 647.3, 4.5, 26.1]",0.0,1450.0,79513,"[3404.0, 3889.0, 4447.0, nan]",50.48,"[2.22, 15.5, 14.18, nan]","[12.55, 1.92, 2.33, nan]",12017.0,733.0,3440308.0,2.58,True
A094280,효성ITX,"=HYPERLINK(""https://finance.naver.com/item/coinfo.nhn?code=094280"", ""A094280"")","=HYPERLINK(""http://comp.fnguide.com/SVO2/ASP/SVD_Consensus.asp?pGB=1&gicode=A094280&cID=&MenuYn=Y&ReportGB=&NewMenuID=108&stkGb=701"", ""효성ITX"")",1,12170,0.0,10.29,12453,9442,8387,2.33,-22.41,-31.08,19.75,True,0,1243.0,,,"[1173.0, 947.0, 1243.0, nan]","[-19.3, 31.3, nan]",0.0,-21.6,"[3.7, -2.3, -19.3, 31.3, -21.6]",-3.389233288826765,1407.0,14061,"[702.0, 706.0, 751.0, nan]",68.3,"[21.45, 16.71, 21.21, nan]","[10.6, 12.9, 10.29, nan]",5190.0,190.0,519835.0,5.86,True
A049720,고려신용정보,"=HYPERLINK(""https://finance.naver.com/item/coinfo.nhn?code=049720"", ""A049720"")","=HYPERLINK(""http://comp.fnguide.com/SVO2/ASP/SVD_Consensus.asp?pGB=1&gicode=A049720&cID=&MenuYn=Y&ReportGB=&NewMenuID=108&stkGb=701"", ""고려신용정보"")",1,9760,0.0,11.39,10222,7124,6039,4.74,-27.01,-38.13,25.02,False,0,927.0,,,"[823.0, 926.0, 927.0, nan]","[12.5, 0.1, nan]",0.0,-3.1,"[7.5, 11.1, 12.5, 0.2, -3.1]",5.4613457392189035,1396.0,56982,"[456.0, 529.0, 630.0, 680.0]",44.0,"[27.72, 26.86, 22.89, nan]","[11.57, 10.92, 11.39, nan]",1780.0,167.0,9984.0,4.73,True
A264660,씨앤지하이테크,"=HYPERLINK(""https://finance.naver.com/item/coinfo.nhn?code=264660"", ""A264660"")","=HYPERLINK(""http://comp.fnguide.com/SVO2/ASP/SVD_Consensus.asp?pGB=1&gicode=A264660&cID=&MenuYn=Y&ReportGB=&NewMenuID=108&stkGb=701"", ""씨앤지하이테크"")",3,14350,1.11,7.91,16172,15656,15474,12.7,9.1,7.84,11.48,True,0,2009.0,1708.0,-15.0,"[1389.0, 708.0, 2009.0, 1708.0]","[-49.0, 183.8, -15.0]",7.152053305900985,-78.4,"[238.4, -29.3, -49.0, 183.7, -78.4]",-5.648978546443695,1395.0,90516,"[1110.0, 1207.0, 1432.0, nan]",35.57,"[12.56, 5.94, 14.81, 11.6]","[9.06, 13.14, 7.91, 8.4]",1962.0,247.0,301714.0,3.46,True
A142210,유니트론텍,"=HYPERLINK(""https://finance.naver.com/item/coinfo.nhn?code=142210"", ""A142210"")","=HYPERLINK(""http://comp.fnguide.com/SVO2/ASP/SVD_Consensus.asp?pGB=1&gicode=A142210&cID=&MenuYn=Y&ReportGB=&NewMenuID=108&stkGb=701"", ""유니트론텍"")",3,6720,0.26,9.61,8627,7609,7253,28.38,13.24,7.93,13.86,True,1,636.0,2496.0,292.5,"[970.0, 1086.0, 636.0, 2496.0]","[12.0, -41.4, 292.5]",37.08347338075902,153.4,"[78.2, 3.1, 12.0, -41.5, 153.4]",24.988303371480146,1394.0,501476,"[1077.0, 1261.0, 1394.0, 1879.0]",30.14,"[18.64, 17.88, 9.58, 31.72]","[4.23, 4.47, 9.61, 2.69]",7690.0,323.0,,2.7,True
A297890,HB솔루션,"=HYPERLINK(""https://finance.naver.com/item/coinfo.nhn?code=297890"", ""A297890"")","=HYPERLINK(""http://comp.fnguide.com/SVO2/ASP/SVD_Consensus.asp?pGB=1&gicode=A297890&cID=&MenuYn=Y&ReportGB=&NewMenuID=108&stkGb=701"", ""HB솔루션"")",3,1856,0.0,5.8,3878,3605,3510,108.96,94.25,89.1,12.43,True,0,362.0,,,"[1082.0, -284.0, 362.0, nan]","[-126.2, -227.5, nan]",0.0,360.6,"[421.1, 65.9, nan, nan, 360.6]",0.0,1358.0,379658,"[2298.0, 2209.0, 2462.0, nan]",27.93,"[40.57, -9.21, 11.34, nan]","[4.89, nan, 5.8, nan]",628.0,44.0,,1.43,True
A408920,메쎄이상,"=HYPERLINK(""https://finance.naver.com/item/coinfo.nhn?code=408920"", ""A408920"")","=HYPERLINK(""http://comp.fnguide.com/SVO2/ASP/SVD_Consensus.asp?pGB=1&gicode=A408920&cID=&MenuYn=Y&ReportGB=&NewMenuID=108&stkGb=701"", ""메쎄이상"")",1,3105,0.0,8.95,3327,2554,2283,7.16,-17.73,-26.46,19.13,False,0,359.0,,,"[123.0, 313.0, 359.0, nan]","[154.5, 14.7, nan]",0.0,63.3,"[70.1, -24.7, 154.2, 14.4, 63.3]",43.48860356451303,1342.0,33991,"[592.0, 696.0, 795.0, nan]",82.34,"[10.33, 21.04, 20.79, nan]","[19.38, 6.32, 8.95, nan]",728.0,190.0,872251.0,3.74,True
A069510,에스텍,"=HYPERLINK(""https://finance.naver.com/item/coinfo.nhn?code=069510"", ""A069510"")","=HYPERLINK(""http://comp.fnguide.com/SVO2/ASP/SVD_Consensus.asp?pGB=1&gicode=A069510&cID=&MenuYn=Y&ReportGB=&NewMenuID=108&stkGb=701"", ""에스텍"")",3,11800,0.0,3.82,53145,39715,35008,350.38,236.57,196.68,20.52,False,0,3815.0,,,"[1985.0, 4241.0, 3815.0, nan]","[113.7, -10.0, nan]",0.0,-26.4,"[nan, 127.1, 113.6, -10.0, -26.4]",0.0,1287.0,11669,"[1558.0, 2035.0, 2350.0, nan]",49.43,"[14.67, 25.76, 18.98, nan]","[4.49, 2.48, 3.82, nan]",4682.0,458.0,2500000.0,5.83,True
A019180,티에이치엔,"=HYPERLINK(""https://finance.naver.com/item/coinfo.nhn?code=019180"", ""A019180"")","=HYPERLINK(""http://comp.fnguide.com/SVO2/ASP/SVD_Consensus.asp?pGB=1&gicode=A019180&cID=&MenuYn=Y&ReportGB=&NewMenuID=108&stkGb=701"", ""티에이치엔"")",3,7140,0.0,2.08,36305,23610,19162,408.47,230.68,168.37,31.38,True,0,3815.0,,,"[1579.0, 1769.0, 3815.0, nan]","[12.0, 115.7, nan]",0.0,312.0,"[nan, nan, 12.0, 115.6, 312.0]",0.0,1285.0,338382,"[1115.0, 1480.0, 2247.0, nan]",37.16,"[28.65, 24.54, 36.85, nan]","[2.21, 1.79, 2.08, nan]",9891.0,701.0,,1.51,True
A148150,세경하이테크,"=HYPERLINK(""https://finance.naver.com/item/coinfo.nhn?code=148150"", ""A148150"")","=HYPERLINK(""http://comp.fnguide.com/SVO2/ASP/SVD_Consensus.asp?pGB=1&gicode=A148150&cID=&MenuYn=Y&ReportGB=&NewMenuID=108&stkGb=701"", ""세경하이테크"")",3,3615,0.26,5.25,10242,8481,7864,183.31,134.61,117.54,15.93,False,0,980.0,427.0,-56.4,"[248.0, 415.0, 980.0, 427.0]","[67.3, 136.1, -56.4]",19.86511482895208,-66.0,"[-27.5, -46.8, 67.5, 136.4, -66.0]",-12.284131481843419,1285.0,106795,"[1790.0, 2051.0, 2358.0, 2510.0]",20.57,"[7.76, 10.71, 22.13, 8.67]","[26.18, 19.9, 5.25, 8.48]",2779.0,18.0,1555597.0,1.95,True
A212560,네오오토,"=HYPERLINK(""https://finance.naver.com/item/coinfo.nhn?code=212560"", ""A212560"")","=HYPERLINK(""http://comp.fnguide.com/SVO2/ASP/SVD_Consensus.asp?pGB=1&gicode=A212560&cID=&MenuYn=Y&ReportGB=&NewMenuID=108&stkGb=701"", ""네오오토"")",3,10710,0.0,7.02,13738,12625,12235,28.28,17.88,14.24,12.72,True,0,1260.0,,,"[1009.0, 1500.0, 1260.0, nan]","[48.7, -16.0, nan]",0.0,17.5,"[19.5, 51.9, 48.6, -16.0, 17.5]",21.633254802330026,1265.0,201880,"[1078.0, 1241.0, 1376.0, nan]",51.18,"[11.65, 15.28, 11.38, nan]","[6.22, 3.49, 7.02, nan]",2321.0,137.0,406.0,2.26,True
A122450,KX,"=HYPERLINK(""https://finance.naver.com/item/coinfo.nhn?code=122450"", ""A122450"")","=HYPERLINK(""http://comp.fnguide.com/SVO2/ASP/SVD_Consensus.asp?pGB=1&gicode=A122450&cID=&MenuYn=Y&ReportGB=&NewMenuID=108&stkGb=701"", ""KX"")",3,2810,0.35,8.43,10120,9239,8931,260.16,228.81,217.82,12.9,True,1,442.0,739.0,67.2,"[385.0, 1822.0, 442.0, 739.0]","[373.2, -75.7, 67.2]",24.345219760918656,,"[-47.8, -14.7, 373.2, -75.7, nan]",0.0,1259.0,76540,"[2588.0, 3510.0, 3795.0, 4028.0]",53.81,"[6.85, 27.09, 5.45, 8.46]","[13.27, 1.67, 8.43, 3.8]",3461.0,384.0,,,True
A090850,현대이지웰,"=HYPERLINK(""https://finance.naver.com/item/coinfo.nhn?code=090850"", ""A090850"")","=HYPERLINK(""http://comp.fnguide.com/SVO2/ASP/SVD_Consensus.asp?pGB=1&gicode=A090850&cID=&MenuYn=Y&ReportGB=&NewMenuID=108&stkGb=701"", ""현대이지웰"")",3,5470,0.0,5.09,7176,5943,5511,31.19,8.65,0.75,15.92,True,0,1011.0,,,"[-22.0, 502.0, 1011.0, nan]","[-2381.8, 101.4, nan]",0.0,-20.8,"[-1.5, nan, nan, 101.3, -20.8]",0.0,1230.0,34194,"[875.0, 973.0, 1093.0, nan]",52.82,"[-0.59, 12.91, 23.24, nan]","[nan, 10.34, 5.09, nan]",1426.0,242.0,,4.28,True
A336680,탑런토탈솔루션,"=HYPERLINK(""https://finance.naver.com/item/coinfo.nhn?code=336680"", ""A336680"")","=HYPERLINK(""http://comp.fnguide.com/SVO2/ASP/SVD_Consensus.asp?pGB=1&gicode=A336680&cID=&MenuYn=Y&ReportGB=&NewMenuID=108&stkGb=701"", ""탑런토탈솔루션"")",3,3060,0.0,23.91,4888,4765,4722,59.73,55.71,54.3,11.33,False,0,169.0,,,"[781.0, 569.0, 169.0, nan]","[-27.1, -70.3, nan]",0.0,,"[nan, 526.6, -27.1, -70.3, nan]",0.0,1198.0,39466,"[921.0, 1815.0, 1823.0, nan]",74.13,"[27.95, 14.54, 3.64, nan]","[nan, 8.65, 23.91, nan]",5501.0,89.0,,1.85,True
A013520,화승코퍼레이션,"=HYPERLINK(""https://finance.naver.com/item/coinfo.nhn?code=013520"", ""A013520"")","=HYPERLINK(""http://comp.fnguide.com/SVO2/ASP/SVD_Consensus.asp?pGB=1&gicode=A013520&cID=&MenuYn=Y&ReportGB=&NewMenuID=108&stkGb=701"", ""화승코퍼레이션"")",3,2340,0.0,1.39,11686,8677,7623,399.4,270.82,225.76,20.88,True,0,1559.0,,,"[69.0, 533.0, 1559.0, nan]","[672.5, 192.5, nan]",0.0,-14.4,"[nan, 24.2, 669.7, 192.4, -14.4]",0.0,1171.0,229707,"[1606.0, 2121.0, 2833.0, nan]",49.69,"[2.12, 14.32, 31.5, nan]","[29.3, 2.83, 1.39, nan]",16398.0,831.0,3146010.0,3.46,True
A310200,애니플러스,"=HYPERLINK(""https://finance.naver.com/item/coinfo.nhn?code=310200"", ""A310200"")","=HYPERLINK(""http://comp.fnguide.com/SVO2/ASP/SVD_Consensus.asp?pGB=1&gicode=A310200&cID=&MenuYn=Y&ReportGB=&NewMenuID=108&stkGb=701"", ""애니플러스"")",3,2245,0.0,14.56,2558,2417,2367,13.93,7.64,5.44,12.04,True,0,231.0,,,"[197.0, 343.0, 231.0, nan]","[74.1, -32.7, nan]",0.0,-63.8,"[-85.1, 89.0, 74.2, -32.6, -63.8]",-34.594700595127534,1171.0,180020,"[929.0, 1128.0, 1196.0, nan]",37.32,"[10.65, 15.2, 10.39, nan]","[16.79, 7.5, 14.56, nan]",1503.0,227.0,,2.08,True
A088130,동아엘텍,"=HYPERLINK(""https://finance.naver.com/item/coinfo.nhn?code=088130"", ""A088130"")","=HYPERLINK(""http://comp.fnguide.com/SVO2/ASP/SVD_Consensus.asp?pGB=1&gicode=A088130&cID=&MenuYn=Y&ReportGB=&NewMenuID=108&stkGb=701"", ""동아엘텍"")",3,6580,0.0,1.36,15133,12253,11243,129.99,86.21,70.87,16.79,True,0,2811.0,,,"[-307.0, -1462.0, 2811.0, nan]","[376.2, -292.3, nan]",0.0,,"[-64.9, nan, nan, nan, nan]",0.0,1151.0,220831,"[1549.0, 1228.0, 1701.0, nan]",37.74,"[-3.98, -21.43, 33.57, nan]","[nan, nan, 1.36, nan]",5824.0,1132.0,,3.92,True
A339950,아이비김영,"=HYPERLINK(""https://finance.naver.com/item/coinfo.nhn?code=339950"", ""A339950"")","=HYPERLINK(""http://comp.fnguide.com/SVO2/ASP/SVD_Consensus.asp?pGB=1&gicode=A339950&cID=&MenuYn=Y&ReportGB=&NewMenuID=108&stkGb=701"", ""아이비김영"")",2,2555,0.1,4.22,4372,2949,2451,71.13,15.43,-4.09,27.72,False,3,461.0,485.0,5.2,"[173.0, 282.0, 461.0, 485.0]","[63.0, 63.5, 5.2]",41.00690072357891,489.4,"[-94.9, 2881.9, 63.1, 63.6, 489.4]",88.68706476319747,1148.0,82984,"[448.0, 549.0, 738.0, 826.0]",64.71,"[18.92, 25.42, 32.19, 27.87]","[10.75, 7.17, 4.22, 5.27]",1195.0,191.0,1582885.0,15.42,True
A049520,유아이엘,"=HYPERLINK(""https://finance.naver.com/item/coinfo.nhn?code=049520"", ""A049520"")","=HYPERLINK(""http://comp.fnguide.com/SVO2/ASP/SVD_Consensus.asp?pGB=1&gicode=A049520&cID=&MenuYn=Y&ReportGB=&NewMenuID=108&stkGb=701"", ""유아이엘"")",3,3600,0.0,4.75,7613,7090,6907,111.46,96.94,91.85,12.39,False,0,696.0,,,"[352.0, 923.0, 696.0, nan]","[162.2, -24.6, nan]",0.0,-6.9,"[nan, 64.5, 162.5, -24.5, -6.9]",0.0,1110.0,93761,"[1593.0, 1984.0, 2014.0, nan]",53.38,"[7.37, 16.63, 11.23, nan]","[10.42, 3.76, 4.75, nan]",4123.0,264.0,472039.0,12.08,True
A014580,태경비케이,"=HYPERLINK(""https://finance.naver.com/item/coinfo.nhn?code=014580"", ""A014580"")","=HYPERLINK(""http://comp.fnguide.com/SVO2/ASP/SVD_Consensus.asp?pGB=1&gicode=A014580&cID=&MenuYn=Y&ReportGB=&NewMenuID=108&stkGb=701"", ""태경비케이"")",3,3985,0.0,5.31,9381,8931,8774,135.4,124.13,120.18,11.85,True,0,866.0,,,"[871.0, 991.0, 866.0, nan]","[13.8, -12.6, nan]",0.0,53.5,"[151.4, 2.4, 13.8, -12.6, 53.5]",31.487800575918357,1099.0,191920,"[1972.0, 2152.0, 2355.0, nan]",47.23,"[12.81, 13.26, 10.6, nan]","[7.63, 4.58, 5.31, nan]",3859.0,408.0,,3.26,True
A227840,현대코퍼레이션홀딩스,"=HYPERLINK(""https://finance.naver.com/item/coinfo.nhn?code=227840"", ""A227840"")","=HYPERLINK(""http://comp.fnguide.com/SVO2/ASP/SVD_Consensus.asp?pGB=1&gicode=A227840&cID=&MenuYn=Y&ReportGB=&NewMenuID=108&stkGb=701"", ""현대코퍼레이션홀딩스"")",3,12050,0.0,3.02,43757,39775,38380,263.13,230.09,218.51,13.01,True,0,4028.0,,,"[3205.0, 4688.0, 4028.0, nan]","[46.3, -14.1, nan]",0.0,-6.3,"[169.2, -13.2, 46.3, -14.1, -6.3]",22.437477157419195,1097.0,24154,"[2642.0, 2966.0, 3201.0, nan]",49.34,"[11.96, 15.22, 11.89, nan]","[3.35, 2.2, 3.02, nan]",2502.0,214.0,279135.0,4.11,True
A009780,엠에스씨,"=HYPERLINK(""https://finance.naver.com/item/coinfo.nhn?code=009780"", ""A009780"")","=HYPERLINK(""http://comp.fnguide.com/SVO2/ASP/SVD_Consensus.asp?pGB=1&gicode=A009780&cID=&MenuYn=Y&ReportGB=&NewMenuID=108&stkGb=701"", ""엠에스씨"")",3,6110,0.0,6.06,13075,11836,11402,113.99,93.71,86.61,13.12,True,0,1307.0,,,"[1049.0, 1237.0, 1307.0, nan]","[17.9, 5.7, nan]",0.0,4.1,"[17.8, 1.9, 17.9, 5.7, 4.1]",9.262667564083959,1075.0,9903,"[1504.0, 1696.0, 1892.0, nan]",73.22,"[13.03, 13.61, 12.83, nan]","[5.02, 4.46, 6.06, nan]",1977.0,297.0,,1.64,True
A085670,뉴프렉스,"=HYPERLINK(""https://finance.naver.com/item/coinfo.nhn?code=085670"", ""A085670"")","=HYPERLINK(""http://comp.fnguide.com/SVO2/ASP/SVD_Consensus.asp?pGB=1&gicode=A085670&cID=&MenuYn=Y&ReportGB=&NewMenuID=108&stkGb=701"", ""뉴프렉스"")",3,4235,0.0,13.82,4906,4649,4560,15.85,9.79,7.66,11.96,False,0,360.0,,,"[278.0, 658.0, 360.0, nan]","[136.7, -45.3, nan]",0.0,98.4,"[498.0, -53.3, 136.5, -45.3, 98.4]",48.277631673657595,1038.0,284033,"[731.0, 1015.0, 1084.0, nan]",31.43,"[9.79, 18.43, 8.38, nan]","[23.46, 8.29, 13.82, nan]",1541.0,92.0,477.0,2.01,True
A104460,디와이피엔에프,"=HYPERLINK(""https://finance.naver.com/item/coinfo.nhn?code=104460"", ""A104460"")","=HYPERLINK(""http://comp.fnguide.com/SVO2/ASP/SVD_Consensus.asp?pGB=1&gicode=A104460&cID=&MenuYn=Y&ReportGB=&NewMenuID=108&stkGb=701"", ""디와이피엔에프"")",3,9850,0.0,5.86,22055,18731,17566,123.91,90.16,78.34,15.05,True,0,2378.0,,,"[532.0, 1697.0, 2378.0, nan]","[219.0, 40.1, nan]",0.0,-61.1,"[nan, nan, 218.8, 40.2, -61.1]",0.0,1036.0,21124,"[1119.0, 1282.0, 1498.0, nan]",48.11,"[5.21, 15.14, 18.26, nan]","[43.13, 7.6, 5.86, nan]",3963.0,286.0,1047603.0,5.02,True
A489460,바이오비쥬,"=HYPERLINK(""https://finance.naver.com/item/coinfo.nhn?code=489460"", ""A489460"")","=HYPERLINK(""http://comp.fnguide.com/SVO2/ASP/SVD_Consensus.asp?pGB=1&gicode=A489460&cID=&MenuYn=Y&ReportGB=&NewMenuID=108&stkGb=701"", ""바이오비쥬"")",1,6810,3.94,45.19,8213,6037,5275,20.6,-11.34,-22.54,21.45,True,1,298.0,425.0,42.6,"[307.0, 629.0, 298.0, 425.0]","[104.9, -52.6, 42.6]",11.467075909807779,35.6,"[455.7, 363.7, 104.9, -52.6, 35.6]",102.36318047732111,1025.0,71348,"[115.0, 309.0, 620.0, 378.0]",59.82,"[34.17, 33.86, 8.94, 12.83]","[nan, nan, 45.19, 16.01]",285.0,42.0,35599.0,0.74,True
A059210,메타바이오메드,"=HYPERLINK(""https://finance.naver.com/item/coinfo.nhn?code=059210"", ""A059210"")","=HYPERLINK(""http://comp.fnguide.com/SVO2/ASP/SVD_Consensus.asp?pGB=1&gicode=A059210&cID=&MenuYn=Y&ReportGB=&NewMenuID=108&stkGb=701"", ""메타바이오메드"")",3,3605,1.11,12.71,7199,5832,5353,99.7,61.79,48.5,16.76,False,1,391.0,585.0,49.6,"[422.0, 939.0, 391.0, 585.0]","[122.5, -58.4, 49.6]",11.459813787266903,-32.3,"[-72.4, 283.6, 122.2, -58.3, -32.3]",-7.859345727715983,980.0,68251,"[700.0, 933.0, 1243.0, 1371.0]",20.65,"[15.43, 27.42, 10.1, 12.24]","[10.32, 3.95, 12.71, 6.16]",1030.0,214.0,350000.0,2.11,True
A096240,크레버스,"=HYPERLINK(""https://finance.naver.com/item/coinfo.nhn?code=096240"", ""A096240"")","=HYPERLINK(""http://comp.fnguide.com/SVO2/ASP/SVD_Consensus.asp?pGB=1&gicode=A096240&cID=&MenuYn=Y&ReportGB=&NewMenuID=108&stkGb=701"", ""크레버스"")",1,8990,0.0,21.0,9901,7594,6785,10.14,-15.53,-24.52,19.18,False,0,593.0,,,"[1309.0, 672.0, 593.0, nan]","[-48.7, -11.8, nan]",0.0,-1.0,"[-78.6, 188.8, -48.6, -11.8, -1.0]",-22.62234352160749,965.0,27702,"[439.0, 403.0, 470.0, nan]",22.95,"[33.62, 17.99, 15.15, nan]","[12.71, 21.71, 21.0, nan]",2209.0,22.0,2302573.0,6.42,True
A352090,스톰테크,"=HYPERLINK(""https://finance.naver.com/item/coinfo.nhn?code=352090"", ""A352090"")","=HYPERLINK(""http://comp.fnguide.com/SVO2/ASP/SVD_Consensus.asp?pGB=1&gicode=A352090&cID=&MenuYn=Y&ReportGB=&NewMenuID=108&stkGb=701"", ""스톰테크"")",3,3570,0.0,9.58,4502,3963,3774,26.12,11.01,5.72,13.92,True,0,380.0,,,"[468.0, 534.0, 380.0, nan]","[14.1, -28.8, nan]",0.0,13.3,"[9.7, -2.4, 14.2, -28.9, 13.3]",-0.3024669876266928,959.0,49120,"[819.0, 897.0, 938.0, nan]",70.97,"[16.64, 16.74, 11.13, nan]","[10.46, 5.79, 9.58, nan]",697.0,119.0,,12.36,True
A004140,동방,"=HYPERLINK(""https://finance.naver.com/item/coinfo.nhn?code=004140"", ""A004140"")","=HYPERLINK(""http://comp.fnguide.com/SVO2/ASP/SVD_Consensus.asp?pGB=1&gicode=A004140&cID=&MenuYn=Y&ReportGB=&NewMenuID=108&stkGb=701"", ""동방"")",3,1960,0.0,7.12,3947,3803,3752,101.38,94.01,91.43,11.58,True,0,359.0,,,"[309.0, 427.0, 359.0, nan]","[38.2, -15.9, nan]",0.0,-63.5,"[nan, 1713.8, 38.3, -16.0, -63.5]",0.0,940.0,301754,"[1419.0, 1568.0, 1757.0, nan]",22.83,"[10.97, 13.73, 10.36, nan]","[6.67, 5.07, 7.12, nan]",9156.0,320.0,176960.0,1.17,True
A042500,링네트,"=HYPERLINK(""https://finance.naver.com/item/coinfo.nhn?code=042500"", ""A042500"")","=HYPERLINK(""http://comp.fnguide.com/SVO2/ASP/SVD_Consensus.asp?pGB=1&gicode=A042500&cID=&MenuYn=Y&ReportGB=&NewMenuID=108&stkGb=701"", ""링네트"")",3,4120,0.0,7.75,5982,5805,5744,45.2,40.91,39.41,11.42,True,0,489.0,,,"[574.0, 577.0, 489.0, nan]","[0.5, -15.3, nan]",0.0,34.2,"[16.0, 27.2, 0.5, -15.2, 34.2]",11.032957024002176,918.0,213471,"[961.0, 1068.0, 1190.0, nan]",30.64,"[14.25, 12.67, 9.65, nan]","[5.17, 7.03, 7.75, nan]",1831.0,143.0,1231187.0,7.92,True
A035610,솔본,"=HYPERLINK(""https://finance.naver.com/item/coinfo.nhn?code=035610"", ""A035610"")","=HYPERLINK(""http://comp.fnguide.com/SVO2/ASP/SVD_Consensus.asp?pGB=1&gicode=A035610&cID=&MenuYn=Y&ReportGB=&NewMenuID=108&stkGb=701"", ""솔본"")",3,3350,0.0,4.78,11366,9452,8781,239.29,182.15,162.13,15.78,False,0,763.0,,,"[1354.0, 1241.0, 763.0, nan]","[-8.3, -38.5, nan]",0.0,,"[nan, nan, -8.4, -38.5, nan]",0.0,916.0,50804,"[1635.0, 1934.0, 2126.0, nan]",62.68,"[25.77, 19.02, 10.28, nan]","[2.99, 3.16, 4.78, nan]",1207.0,246.0,,,True
A337930,젝시믹스,"=HYPERLINK(""https://finance.naver.com/item/coinfo.nhn?code=337930"", ""A337930"")","=HYPERLINK(""http://comp.fnguide.com/SVO2/ASP/SVD_Consensus.asp?pGB=1&gicode=A337930&cID=&MenuYn=Y&ReportGB=&NewMenuID=108&stkGb=701"", ""젝시믹스"")",3,3040,0.0,13.08,5202,4516,4276,71.12,48.57,40.66,14.33,True,0,395.0,,,"[384.0, 706.0, 395.0, nan]","[83.9, -44.1, nan]",0.0,1.9,"[28.3, 12.7, 83.8, -44.0, 1.9]",8.685512623327751,902.0,157426,"[886.0, 1109.0, 1162.0, nan]",45.5,"[13.46, 20.72, 10.37, nan]","[16.54, 8.77, 13.08, nan]",2741.0,173.0,,3.87,True
A058860,KTis,"=HYPERLINK(""https://finance.naver.com/item/coinfo.nhn?code=058860"", ""A058860"")","=HYPERLINK(""http://comp.fnguide.com/SVO2/ASP/SVD_Consensus.asp?pGB=1&gicode=A058860&cID=&MenuYn=Y&ReportGB=&NewMenuID=108&stkGb=701"", ""KTis"")",3,2585,0.0,2.6,8113,7947,7888,213.85,207.42,205.16,11.22,True,0,1045.0,,,"[400.0, 341.0, 1045.0, nan]","[-14.7, 206.5, nan]",0.0,4.8,"[-36.2, -12.5, -14.8, 206.6, 4.8]",8.852987265343915,900.0,51404,"[2041.0, 2081.0, 2385.0, nan]",29.36,"[6.94, 5.76, 16.29, nan]","[7.54, 7.66, 2.6, nan]",5888.0,247.0,4228938.0,5.16,True
A418470,KT밀리의서재,"=HYPERLINK(""https://finance.naver.com/item/coinfo.nhn?code=418470"", ""A418470"")","=HYPERLINK(""http://comp.fnguide.com/SVO2/ASP/SVD_Consensus.asp?pGB=1&gicode=A418470&cID=&MenuYn=Y&ReportGB=&NewMenuID=108&stkGb=701"", ""KT밀리의서재"")",3,10310,0.0,7.44,22023,15693,13475,113.61,52.21,30.7,23.42,True,0,1847.0,,,"[2060.0, 1358.0, 1847.0, nan]","[-34.1, 36.0, nan]",0.0,19.2,"[nan, 1.3, -34.1, 36.0, 19.2]",0.0,883.0,85603,"[577.0, 704.0, 869.0, nan]",38.59,"[44.55, 17.95, 20.03, nan]","[8.37, 10.6, 7.44, nan]",882.0,144.0,,4.0,True
A008260,NI스틸,"=HYPERLINK(""https://finance.naver.com/item/coinfo.nhn?code=008260"", ""A008260"")","=HYPERLINK(""http://comp.fnguide.com/SVO2/ASP/SVD_Consensus.asp?pGB=1&gicode=A008260&cID=&MenuYn=Y&ReportGB=&NewMenuID=108&stkGb=701"", ""NI스틸"")",3,3035,0.0,5.28,9853,9713,9663,224.65,220.02,218.4,11.09,True,0,663.0,,,"[1756.0, 899.0, 663.0, nan]","[-48.8, -26.3, nan]",0.0,-2.0,"[121.2, 2.9, -48.8, -26.2, -2.0]",-3.361411245299306,868.0,59095,"[2342.0, 2545.0, 2703.0, nan]",59.0,"[23.77, 10.53, 7.23, nan]","[3.42, 3.89, 5.28, nan]",2479.0,301.0,412813.0,2.86,True
A058630,엠게임,"=HYPERLINK(""https://finance.naver.com/item/coinfo.nhn?code=058630"", ""A058630"")","=HYPERLINK(""http://comp.fnguide.com/SVO2/ASP/SVD_Consensus.asp?pGB=1&gicode=A058630&cID=&MenuYn=Y&ReportGB=&NewMenuID=108&stkGb=701"", ""엠게임"")",3,4495,0.0,7.75,9427,8262,7853,109.72,83.8,74.72,14.05,True,0,820.0,,,"[1119.0, 802.0, 820.0, nan]","[-28.3, 2.2, nan]",0.0,-18.8,"[5.6, -3.5, -28.4, 2.3, -18.8]",-9.529459828784525,863.0,44349,"[1139.0, 1242.0, 1369.0, nan]",20.14,"[21.13, 13.16, 12.28, nan]","[5.54, 6.45, 7.75, nan]",917.0,176.0,295000.0,3.49,True
A010280,아이티센엔텍,"=HYPERLINK(""https://finance.naver.com/item/coinfo.nhn?code=010280"", ""A010280"")","=HYPERLINK(""http://comp.fnguide.com/SVO2/ASP/SVD_Consensus.asp?pGB=1&gicode=A010280&cID=&MenuYn=Y&ReportGB=&NewMenuID=108&stkGb=701"", ""아이티센엔텍"")",3,6550,0.03,2.75,14270,10732,9493,117.86,63.85,44.92,20.18,True,3,1768.0,2871.0,62.4,"[419.0, 895.0, 1768.0, 2871.0]","[113.6, 97.5, 62.4]",89.92616152071646,846.8,"[nan, -55.4, 113.8, 97.5, 846.8]",0.0,853.0,68930,"[637.0, 761.0, 994.0, 1367.0]",39.21,"[9.0, 16.68, 26.23, 31.68]","[10.7, 3.57, 2.75, 2.28]",5720.0,209.0,2.0,,True
A130580,나이스디앤비,"=HYPERLINK(""https://finance.naver.com/item/coinfo.nhn?code=130580"", ""A130580"")","=HYPERLINK(""http://comp.fnguide.com/SVO2/ASP/SVD_Consensus.asp?pGB=1&gicode=A130580&cID=&MenuYn=Y&ReportGB=&NewMenuID=108&stkGb=701"", ""나이스디앤비"")",3,5500,0.73,7.64,9761,8559,8138,77.46,55.62,47.97,14.03,False,1,839.0,909.0,8.3,"[674.0, 1185.0, 839.0, 909.0]","[75.8, -29.2, 8.3]",10.465550627005316,139.2,"[3.1, -24.2, 75.9, -29.2, 139.2]",18.41252136594227,847.0,5823,"[907.0, 1055.0, 1156.0, 1261.0]",34.97,"[11.89, 18.61, 11.69, 11.59]","[9.29, 4.07, 7.64, 6.05]",914.0,154.0,,3.53,True
A041930,SY동아,"=HYPERLINK(""https://finance.naver.com/item/coinfo.nhn?code=041930"", ""A041930"")","=HYPERLINK(""http://comp.fnguide.com/SVO2/ASP/SVD_Consensus.asp?pGB=1&gicode=A041930&cID=&MenuYn=Y&ReportGB=&NewMenuID=108&stkGb=701"", ""SY동아"")",3,5510,0.0,3.95,14845,13759,13378,169.41,149.71,142.8,12.51,True,0,1743.0,,,"[905.0, 923.0, 1743.0, nan]","[2.0, 88.8, nan]",0.0,-69.8,"[17.2, -7.0, 2.0, 88.9, -69.8]",-8.704383308860697,838.0,68706,"[1525.0, 1652.0, 1868.0, nan]",45.21,"[9.76, 9.18, 15.64, nan]","[9.1, 5.81, 3.95, nan]",4034.0,172.0,614367.0,4.36,True
A173130,오파스넷,"=HYPERLINK(""https://finance.naver.com/item/coinfo.nhn?code=173130"", ""A173130"")","=HYPERLINK(""http://comp.fnguide.com/SVO2/ASP/SVD_Consensus.asp?pGB=1&gicode=A173130&cID=&MenuYn=Y&ReportGB=&NewMenuID=108&stkGb=701"", ""오파스넷"")",2,6400,0.0,6.84,9810,7226,6320,53.28,12.9,-1.25,21.34,True,0,971.0,,,"[801.0, 732.0, 971.0, nan]","[-8.6, 32.7, nan]",0.0,286.3,"[-2.6, 72.3, -8.7, 32.7, 286.3]",51.0157099124823,835.0,156257,"[460.0, 539.0, 647.0, nan]",41.3,"[25.71, 19.12, 21.36, nan]","[14.63, 11.54, 6.84, nan]",2333.0,140.0,3389.0,3.77,True
A007980,TP,"=HYPERLINK(""https://finance.naver.com/item/coinfo.nhn?code=007980"", ""A007980"")","=HYPERLINK(""http://comp.fnguide.com/SVO2/ASP/SVD_Consensus.asp?pGB=1&gicode=A007980&cID=&MenuYn=Y&ReportGB=&NewMenuID=108&stkGb=701"", ""TP"")",3,1737,0.0,2.52,6472,6388,6359,272.58,267.79,266.11,11.06,True,0,747.0,,,"[119.0, 433.0, 747.0, nan]","[263.9, 72.5, nan]",0.0,44.1,"[nan, -77.0, 265.3, 72.5, 44.1]",0.0,815.0,259396,"[2073.0, 2413.0, 2846.0, nan]",33.25,"[2.96, 9.88, 14.54, nan]","[18.35, 3.26, 2.52, nan]",10290.0,620.0,1834070.0,3.98,True
A054670,대한뉴팜,"=HYPERLINK(""https://finance.naver.com/item/coinfo.nhn?code=054670"", ""A054670"")","=HYPERLINK(""http://comp.fnguide.com/SVO2/ASP/SVD_Consensus.asp?pGB=1&gicode=A054670&cID=&MenuYn=Y&ReportGB=&NewMenuID=108&stkGb=701"", ""대한뉴팜"")",3,5630,0.0,6.18,11189,10538,10310,98.73,87.18,83.13,12.11,False,0,1063.0,,,"[874.0, 1078.0, 1063.0, nan]","[23.3, -1.4, nan]",0.0,16.3,"[55.0, -48.4, 23.3, -1.4, 16.3]",2.489699837831272,808.0,44176,"[1094.0, 1254.0, 1399.0, nan]",40.85,"[11.81, 13.18, 11.5, nan]","[10.36, 6.38, 6.18, nan]",2024.0,117.0,319631.0,1.52,True
A265560,영화테크,"=HYPERLINK(""https://finance.naver.com/item/coinfo.nhn?code=265560"", ""A265560"")","=HYPERLINK(""http://comp.fnguide.com/SVO2/ASP/SVD_Consensus.asp?pGB=1&gicode=A265560&cID=&MenuYn=Y&ReportGB=&NewMenuID=108&stkGb=701"", ""영화테크"")",3,7500,0.0,3.85,16002,12091,10720,113.37,61.21,42.93,19.93,True,0,1783.0,,,"[570.0, 1312.0, 1783.0, nan]","[130.2, 35.9, nan]",0.0,168.6,"[89.0, 26.4, 130.0, 35.9, 168.6]",82.1597559846172,802.0,16681,"[627.0, 744.0, 926.0, nan]",49.14,"[10.2, 20.47, 22.82, nan]","[18.23, 5.02, 3.85, nan]",1086.0,180.0,,1.9,True
A017370,우신시스템,"=HYPERLINK(""https://finance.naver.com/item/coinfo.nhn?code=017370"", ""A017370"")","=HYPERLINK(""http://comp.fnguide.com/SVO2/ASP/SVD_Consensus.asp?pGB=1&gicode=A017370&cID=&MenuYn=Y&ReportGB=&NewMenuID=108&stkGb=701"", ""우신시스템"")",3,4370,0.21,7.57,16737,13658,12579,282.99,212.54,187.85,16.48,True,1,819.0,1005.0,22.7,"[406.0, 1851.0, 819.0, 1005.0]","[355.9, -55.8, 22.7]",35.22141454527548,-74.7,"[nan, 168.4, 356.2, -55.7, -74.7]",0.0,800.0,35685,"[964.0, 1282.0, 1666.0, 2099.0]",36.69,"[7.97, 30.18, 10.18, 9.78]","[21.79, 3.08, 7.57, 4.35]",3886.0,209.0,3112273.0,0.48,True
A111380,동인기연,"=HYPERLINK(""https://finance.naver.com/item/coinfo.nhn?code=111380"", ""A111380"")","=HYPERLINK(""http://comp.fnguide.com/SVO2/ASP/SVD_Consensus.asp?pGB=1&gicode=A111380&cID=&MenuYn=Y&ReportGB=&NewMenuID=108&stkGb=701"", ""동인기연"")",3,13050,-2.24,7.3,27786,26667,26275,112.92,104.35,101.34,11.67,True,1,1880.0,3585.0,90.7,"[3960.0, 2836.0, 1880.0, 3585.0]","[-28.4, -33.7, 90.7]",-3.263044631396139,353.3,"[92.9, -30.1, -28.4, -33.7, 353.3]",23.74405249548861,800.0,7656,"[1318.0, 1486.0, 1522.0, 1687.0]",68.52,"[22.27, 12.39, 7.66, 13.69]","[5.37, 6.44, 7.3, 3.64]",2441.0,226.0,202778.0,4.95,True
A019540,일지테크,"=HYPERLINK(""https://finance.naver.com/item/coinfo.nhn?code=019540"", ""A019540"")","=HYPERLINK(""http://comp.fnguide.com/SVO2/ASP/SVD_Consensus.asp?pGB=1&gicode=A019540&cID=&MenuYn=Y&ReportGB=&NewMenuID=108&stkGb=701"", ""일지테크"")",3,5900,0.0,1.24,32065,22713,19436,443.48,284.97,229.42,23.83,True,0,3380.0,,,"[2390.0, 1666.0, 3380.0, nan]","[-30.3, 102.9, nan]",0.0,103.0,"[nan, nan, -30.3, 102.9, 103.0]",0.0,797.0,71208,"[1227.0, 1503.0, 1918.0, nan]",46.48,"[29.93, 16.49, 26.7, nan]","[1.57, 2.16, 1.24, nan]",8551.0,480.0,300374.0,3.58,True
A448710,코츠테크놀로지,"=HYPERLINK(""https://finance.naver.com/item/coinfo.nhn?code=448710"", ""A448710"")","=HYPERLINK(""http://comp.fnguide.com/SVO2/ASP/SVD_Consensus.asp?pGB=1&gicode=A448710&cID=&MenuYn=Y&ReportGB=&NewMenuID=108&stkGb=701"", ""코츠테크놀로지"")",2,14990,0.0,11.93,20187,15720,14155,34.67,4.87,-5.57,18.45,False,0,1402.0,,,"[1568.0, 1593.0, 1402.0, nan]","[1.6, -12.0, nan]",0.0,-11.2,"[11.0, 194.2, 1.6, -12.0, -11.2]",20.99042398196973,792.0,33040,"[366.0, 458.0, 538.0, nan]",20.85,"[26.63, 19.84, 14.8, nan]","[9.46, 9.3, 11.93, nan]",681.0,83.0,727750.0,0.9,True
A054040,한국컴퓨터,"=HYPERLINK(""https://finance.naver.com/item/coinfo.nhn?code=054040"", ""A054040"")","=HYPERLINK(""http://comp.fnguide.com/SVO2/ASP/SVD_Consensus.asp?pGB=1&gicode=A054040&cID=&MenuYn=Y&ReportGB=&NewMenuID=108&stkGb=701"", ""한국컴퓨터"")",3,4830,0.0,3.94,14209,13279,12953,194.17,174.93,168.18,12.3,False,0,1279.0,,,"[1350.0, 846.0, 1279.0, nan]","[-37.3, 51.2, nan]",0.0,333.9,"[10.4, 29.4, -37.4, 51.2, 333.9]",42.457010018629695,776.0,121649,"[1423.0, 1507.0, 1645.0, nan]",42.11,"[16.12, 9.28, 13.04, nan]","[3.91, 5.83, 3.94, nan]",4178.0,229.0,2873608.0,5.95,True
A020710,시공테크,"=HYPERLINK(""https://finance.naver.com/item/coinfo.nhn?code=020710"", ""A020710"")","=HYPERLINK(""http://comp.fnguide.com/SVO2/ASP/SVD_Consensus.asp?pGB=1&gicode=A020710&cID=&MenuYn=Y&ReportGB=&NewMenuID=108&stkGb=701"", ""시공테크"")",3,3850,0.0,2.73,15487,12477,11423,302.26,224.08,196.69,16.98,False,0,1521.0,,,"[415.0, 1520.0, 1521.0, nan]","[266.3, 0.1, nan]",0.0,,"[144.3, 20.1, 266.5, 0.1, nan]",0.0,772.0,142674,"[1320.0, 1575.0, 1856.0, nan]",43.19,"[6.49, 21.05, 17.77, nan]","[10.5, 2.66, 2.73, nan]",1684.0,151.0,1184705.0,8.15,True
A009180,한솔로지스틱스,"=HYPERLINK(""https://finance.naver.com/item/coinfo.nhn?code=009180"", ""A009180"")","=HYPERLINK(""http://comp.fnguide.com/SVO2/ASP/SVD_Consensus.asp?pGB=1&gicode=A009180&cID=&MenuYn=Y&ReportGB=&NewMenuID=108&stkGb=701"", ""한솔로지스틱스"")",3,2720,0.96,4.91,5168,5133,5120,90.01,88.7,88.24,10.93,True,2,563.0,781.0,38.7,"[672.0, 310.0, 563.0, 781.0]","[-53.9, 81.6, 38.7]",5.10686359889867,-15.9,"[3.2, -23.8, -53.9, 81.5, -15.9]",-11.161412699432184,766.0,58255,"[1181.0, 1299.0, 1436.0, nan]",40.05,"[16.82, 7.0, 11.59, 15.33]","[3.65, 6.71, 4.91, 3.48]",6746.0,207.0,6691.0,7.23,True
A036640,HRS,"=HYPERLINK(""https://finance.naver.com/item/coinfo.nhn?code=036640"", ""A036640"")","=HYPERLINK(""http://comp.fnguide.com/SVO2/ASP/SVD_Consensus.asp?pGB=1&gicode=A036640&cID=&MenuYn=Y&ReportGB=&NewMenuID=108&stkGb=701"", ""HRS"")",3,4620,0.0,6.25,8397,8145,8057,81.75,76.3,74.39,11.43,True,0,827.0,,,"[740.0, 924.0, 827.0, nan]","[24.9, -10.5, nan]",0.0,-6.8,"[-51.8, 20.7, 24.8, -10.5, -6.8]",-9.543127477061919,756.0,58364,"[1145.0, 1226.0, 1296.0, nan]",45.04,"[10.96, 12.74, 10.72, nan]","[7.27, 5.01, 6.25, nan]",789.0,134.0,,5.8,True
A031820,아이티센씨티에스,"=HYPERLINK(""https://finance.naver.com/item/coinfo.nhn?code=031820"", ""A031820"")","=HYPERLINK(""http://comp.fnguide.com/SVO2/ASP/SVD_Consensus.asp?pGB=1&gicode=A031820&cID=&MenuYn=Y&ReportGB=&NewMenuID=108&stkGb=701"", ""아이티센씨티에스"")",3,6150,0.0,1.36,29928,24061,22004,386.63,291.23,257.79,17.07,True,0,4364.0,,,"[327.0, 1542.0, 4364.0, nan]","[371.6, 183.0, nan]",0.0,,"[663.4, -83.8, 372.2, 183.0, nan]",0.0,744.0,27481,"[1573.0, 1790.0, 2290.0, nan]",25.03,"[2.55, 11.1, 25.89, nan]","[23.39, 3.46, 1.36, nan]",10952.0,236.0,,,True
A036000,예림당,"=HYPERLINK(""https://finance.naver.com/item/coinfo.nhn?code=036000"", ""A036000"")","=HYPERLINK(""http://comp.fnguide.com/SVO2/ASP/SVD_Consensus.asp?pGB=1&gicode=A036000&cID=&MenuYn=Y&ReportGB=&NewMenuID=108&stkGb=701"", ""예림당"")",3,3095,0.0,0.6,35580,22537,17967,1049.59,628.18,480.51,34.57,True,0,5479.0,,,"[391.0, -379.0, 5479.0, nan]","[-196.9, -1545.6, nan]",0.0,,"[-9.1, -39.9, nan, nan, nan]",0.0,713.0,42400,"[1308.0, 1221.0, 2558.0, nan]",54.26,"[7.08, -6.9, 66.78, nan]","[4.55, nan, 0.6, nan]",103.0,-14.0,,,True
A187420,HLB제넥스,"=HYPERLINK(""https://finance.naver.com/item/coinfo.nhn?code=187420"", ""A187420"")","=HYPERLINK(""http://comp.fnguide.com/SVO2/ASP/SVD_Consensus.asp?pGB=1&gicode=A187420&cID=&MenuYn=Y&ReportGB=&NewMenuID=108&stkGb=701"", ""HLB제넥스"")",2,2160,0.0,3.42,4067,2569,2044,88.27,18.94,-5.36,34.92,False,0,775.0,,,"[-126.0, -772.0, 775.0, nan]","[512.7, -200.4, nan]",0.0,,"[nan, nan, nan, nan, nan]",0.0,703.0,123389,"[220.0, 238.0, 409.0, nan]",28.68,"[-12.85, -82.21, 69.85, nan]","[nan, nan, 3.42, nan]",434.0,12.0,,,True
A037440,희림,"=HYPERLINK(""https://finance.naver.com/item/coinfo.nhn?code=037440"", ""A037440"")","=HYPERLINK(""http://comp.fnguide.com/SVO2/ASP/SVD_Consensus.asp?pGB=1&gicode=A037440&cID=&MenuYn=Y&ReportGB=&NewMenuID=108&stkGb=701"", ""희림"")",3,5000,2.17,8.22,7390,7062,6947,47.8,41.24,38.94,11.77,False,0,561.0,496.0,-11.6,"[444.0, 928.0, 561.0, 496.0]","[109.0, -39.5, -11.6]",3.7810296696700663,-66.3,"[15.7, -13.7, 109.1, -39.5, -66.3]",-15.70211226043352,696.0,229685,"[705.0, 820.0, 875.0, 923.0]",19.27,"[9.08, 16.94, 9.22, 7.68]","[17.4, 5.35, 8.22, 10.09]",2319.0,91.0,1006555.0,2.17,True
A478560,블랙야크아이앤씨,"=HYPERLINK(""https://finance.naver.com/item/coinfo.nhn?code=478560"", ""A478560"")","=HYPERLINK(""http://comp.fnguide.com/SVO2/ASP/SVD_Consensus.asp?pGB=1&gicode=A478560&cID=&MenuYn=Y&ReportGB=&NewMenuID=108&stkGb=701"", ""블랙야크아이앤씨"")",1,2675,0.0,,3341,2352,2005,24.91,-12.07,-25.03,24.28,False,0,-222.0,,,"[270.0, 293.0, -222.0, nan]","[8.5, -175.8, nan]",0.0,,"[nan, 55.8, 8.6, nan, nan]",0.0,691.0,48699,"[119.0, 228.0, 383.0, nan]",76.2,"[65.11, 40.28, -18.78, nan]","[nan, nan, nan, nan]",573.0,93.0,38159.0,9.12,True
A417790,트루엔,"=HYPERLINK(""https://finance.naver.com/item/coinfo.nhn?code=417790"", ""A417790"")","=HYPERLINK(""http://comp.fnguide.com/SVO2/ASP/SVD_Consensus.asp?pGB=1&gicode=A417790&cID=&MenuYn=Y&ReportGB=&NewMenuID=108&stkGb=701"", ""트루엔"")",3,6480,0.0,7.45,13304,11890,11394,105.32,83.48,75.83,13.48,False,0,1104.0,,,"[1088.0, 1306.0, 1104.0, nan]","[20.0, -15.5, nan]",0.0,-29.4,"[-10.4, 20.1, 20.0, -15.5, -29.4]",-5.084151465623899,678.0,14192,"[895.0, 991.0, 1094.0, nan]",43.84,"[15.59, 15.23, 11.61, nan]","[10.86, 7.66, 7.45, nan]",491.0,133.0,195569.0,2.43,True
A332370,아이디피,"=HYPERLINK(""https://finance.naver.com/item/coinfo.nhn?code=332370"", ""A332370"")","=HYPERLINK(""http://comp.fnguide.com/SVO2/ASP/SVD_Consensus.asp?pGB=1&gicode=A332370&cID=&MenuYn=Y&ReportGB=&NewMenuID=108&stkGb=701"", ""아이디피"")",3,5100,0.27,6.55,8752,7173,6619,71.62,40.64,29.78,16.32,False,1,776.0,859.0,10.7,"[451.0, 864.0, 776.0, 859.0]","[91.6, -10.2, 10.7]",23.957598579272755,60.8,"[142.7, -42.1, 91.6, -10.2, 60.8]",31.20223861519731,677.0,43373,"[542.0, 623.0, 690.0, 792.0]",58.92,"[11.42, 19.69, 15.7, 15.39]","[7.54, 4.27, 6.55, 5.94]",491.0,109.0,1352282.0,3.35,True
A453860,에이에스텍,"=HYPERLINK(""https://finance.naver.com/item/coinfo.nhn?code=453860"", ""A453860"")","=HYPERLINK(""http://comp.fnguide.com/SVO2/ASP/SVD_Consensus.asp?pGB=1&gicode=A453860&cID=&MenuYn=Y&ReportGB=&NewMenuID=108&stkGb=701"", ""에이에스텍"")",1,10320,0.0,42.34,10623,9856,9588,2.94,-4.49,-7.1,12.48,True,0,380.0,,,"[1545.0, 1677.0, 380.0, nan]","[8.5, -77.3, nan]",0.0,,"[255.3, 160.7, 8.5, -77.3, nan]",0.0,665.0,5715,"[468.0, 565.0, 589.0, nan]",44.04,"[26.95, 18.37, 3.73, nan]","[22.65, 11.22, 42.34, nan]",246.0,-1.0,31415.0,3.1,True
A215360,우리산업,"=HYPERLINK(""https://finance.naver.com/item/coinfo.nhn?code=215360"", ""A215360"")","=HYPERLINK(""http://comp.fnguide.com/SVO2/ASP/SVD_Consensus.asp?pGB=1&gicode=A215360&cID=&MenuYn=Y&ReportGB=&NewMenuID=108&stkGb=701"", ""우리산업"")",3,7200,0.0,5.34,16630,14817,14182,130.97,105.79,96.97,13.56,True,0,1536.0,,,"[1939.0, 1438.0, 1536.0, nan]","[-25.8, 6.8, nan]",0.0,154.4,"[nan, nan, -25.8, 6.9, 154.4]",0.0,658.0,22814,"[984.0, 1092.0, 1208.0, nan]",39.46,"[19.49, 12.65, 12.2, nan]","[7.26, 6.95, 5.34, nan]",5320.0,187.0,,2.44,True
A009770,삼정펄프,"=HYPERLINK(""https://finance.naver.com/item/coinfo.nhn?code=009770"", ""A009770"")","=HYPERLINK(""http://comp.fnguide.com/SVO2/ASP/SVD_Consensus.asp?pGB=1&gicode=A009770&cID=&MenuYn=Y&ReportGB=&NewMenuID=108&stkGb=701"", ""삼정펄프"")",3,26250,0.0,2.48,127782,120864,118440,386.79,360.44,351.2,12.01,False,0,12556.0,,,"[5241.0, 15182.0, 12556.0, nan]","[189.7, -17.3, nan]",0.0,,"[nan, nan, 189.7, -17.3, nan]",0.0,656.0,1041,"[2233.0, 2583.0, 2870.0, nan]",73.93,"[6.01, 15.76, 11.51, nan]","[4.76, 1.69, 2.48, nan]",1486.0,-14.0,,3.22,True
A018500,동원금속,"=HYPERLINK(""https://finance.naver.com/item/coinfo.nhn?code=018500"", ""A018500"")","=HYPERLINK(""http://comp.fnguide.com/SVO2/ASP/SVD_Consensus.asp?pGB=1&gicode=A018500&cID=&MenuYn=Y&ReportGB=&NewMenuID=108&stkGb=701"", ""동원금속"")",3,1398,0.0,3.52,5025,3863,3456,259.45,176.36,147.24,19.06,True,0,453.0,,,"[389.0, 391.0, 453.0, nan]","[0.5, 15.9, nan]",0.0,223.8,"[nan, -19.8, 0.6, 15.8, 223.8]",0.0,654.0,88454,"[897.0, 1065.0, 1330.0, nan]",22.28,"[24.04, 18.63, 17.68, nan]","[2.43, 4.48, 3.52, nan]",6262.0,420.0,10128.0,3.13,True
A003780,진양산업,"=HYPERLINK(""https://finance.naver.com/item/coinfo.nhn?code=003780"", ""A003780"")","=HYPERLINK(""http://comp.fnguide.com/SVO2/ASP/SVD_Consensus.asp?pGB=1&gicode=A003780&cID=&MenuYn=Y&ReportGB=&NewMenuID=108&stkGb=701"", ""진양산업"")",3,4785,0.0,12.61,6419,5749,5514,34.14,20.14,15.24,13.42,False,0,534.0,,,"[654.0, 773.0, 534.0, nan]","[18.2, -30.9, nan]",0.0,-9.4,"[-1.0, 38.5, 18.2, -30.9, -9.4]",0.2909483277879321,622.0,1105604,"[570.0, 644.0, 671.0, nan]",51.21,"[15.7, 16.55, 10.57, nan]","[10.53, 11.19, 12.61, nan]",907.0,84.0,,5.31,True
A039420,케이엘넷,"=HYPERLINK(""https://finance.naver.com/item/coinfo.nhn?code=039420"", ""A039420"")","=HYPERLINK(""http://comp.fnguide.com/SVO2/ASP/SVD_Consensus.asp?pGB=1&gicode=A039420&cID=&MenuYn=Y&ReportGB=&NewMenuID=108&stkGb=701"", ""케이엘넷"")",3,2690,0.0,7.47,4493,3838,3609,67.03,42.69,34.16,14.85,True,0,385.0,,,"[315.0, 355.0, 385.0, nan]","[12.7, 8.5, nan]",0.0,-11.0,"[15.4, 10.8, 12.7, 8.4, -11.0]",6.811436233794166,617.0,73471,"[550.0, 592.0, 660.0, nan]",29.59,"[14.53, 15.01, 14.85, nan]","[8.43, 7.24, 7.47, nan]",476.0,105.0,2730437.0,3.48,True
A010240,흥국,"=HYPERLINK(""https://finance.naver.com/item/coinfo.nhn?code=010240"", ""A010240"")","=HYPERLINK(""http://comp.fnguide.com/SVO2/ASP/SVD_Consensus.asp?pGB=1&gicode=A010240&cID=&MenuYn=Y&ReportGB=&NewMenuID=108&stkGb=701"", ""흥국"")",3,5250,0.0,5.24,10532,10409,10365,100.62,98.26,97.43,11.03,True,0,992.0,,,"[1070.0, 856.0, 992.0, nan]","[-20.0, 15.9, nan]",0.0,64.0,"[-27.9, 54.2, -20.0, 15.9, 64.0]",11.072713525866206,615.0,10371,"[993.0, 1092.0, 1183.0, nan]",53.27,"[13.77, 10.12, 10.73, nan]","[5.54, 6.21, 5.24, nan]",1370.0,149.0,220791.0,5.38,True
A010770,평화홀딩스,"=HYPERLINK(""https://finance.naver.com/item/coinfo.nhn?code=010770"", ""A010770"")","=HYPERLINK(""http://comp.fnguide.com/SVO2/ASP/SVD_Consensus.asp?pGB=1&gicode=A010770&cID=&MenuYn=Y&ReportGB=&NewMenuID=108&stkGb=701"", ""평화홀딩스"")",3,4180,0.0,1.6,14314,11404,10385,242.43,172.83,148.44,17.44,True,0,2375.0,,,"[560.0, 107.0, 2375.0, nan]","[-80.9, 2119.6, nan]",0.0,219.6,"[nan, nan, -80.9, 2125.4, 219.6]",0.0,611.0,84255,"[1042.0, 954.0, 1274.0, nan]",52.07,"[8.0, 1.56, 31.18, nan]","[5.76, 23.66, 1.6, nan]",8837.0,349.0,236505.0,3.96,True
A198080,캐프,"=HYPERLINK(""https://finance.naver.com/item/coinfo.nhn?code=198080"", ""A198080"")","=HYPERLINK(""http://comp.fnguide.com/SVO2/ASP/SVD_Consensus.asp?pGB=1&gicode=A198080&cID=&MenuYn=Y&ReportGB=&NewMenuID=108&stkGb=701"", ""캐프"")",3,2835,0.0,2.4,8241,7106,6708,190.7,150.65,136.62,14.55,False,0,904.0,,,"[153.0, 886.0, 904.0, nan]","[479.1, 2.0, nan]",0.0,12.8,"[nan, nan, 477.3, 2.0, 12.8]",0.0,611.0,200048,"[930.0, 1159.0, 1316.0, nan]",64.08,"[3.58, 18.27, 15.73, nan]","[14.43, 2.7, 2.4, nan]",2952.0,243.0,,,True
A378850,화승알앤에이,"=HYPERLINK(""https://finance.naver.com/item/coinfo.nhn?code=378850"", ""A378850"")","=HYPERLINK(""http://comp.fnguide.com/SVO2/ASP/SVD_Consensus.asp?pGB=1&gicode=A378850&cID=&MenuYn=Y&ReportGB=&NewMenuID=108&stkGb=701"", ""화승알앤에이"")",3,3195,0.0,3.41,14578,11493,10412,356.28,259.71,225.87,17.9,True,0,960.0,,,"[1275.0, 1707.0, 960.0, nan]","[33.9, -43.8, nan]",0.0,115.5,"[52.7, 90.9, 33.9, -43.8, 115.5]",36.43375321972242,607.0,65518,"[1125.0, 1505.0, 1669.0, nan]",55.97,"[23.6, 24.66, 11.49, nan]","[3.25, 1.76, 3.41, nan]",7146.0,271.0,2837.0,2.29,True
A046940,우원개발,"=HYPERLINK(""https://finance.naver.com/item/coinfo.nhn?code=046940"", ""A046940"")","=HYPERLINK(""http://comp.fnguide.com/SVO2/ASP/SVD_Consensus.asp?pGB=1&gicode=A046940&cID=&MenuYn=Y&ReportGB=&NewMenuID=108&stkGb=701"", ""우원개발"")",3,3305,0.0,1.33,15157,11700,10488,358.6,254.0,217.35,18.86,True,0,2654.0,,,"[82.0, 41.0, 2654.0, nan]","[-50.0, 6373.2, nan]",0.0,93.4,"[216.7, -60.5, -50.1, 6416.7, 93.4]",139.42306191091717,597.0,84968,"[1033.0, 1041.0, 1567.0, nan]",34.98,"[1.42, 0.71, 36.78, nan]","[38.35, 59.79, 1.33, nan]",3763.0,672.0,,3.4,True
A054930,유신,"=HYPERLINK(""https://finance.naver.com/item/coinfo.nhn?code=054930"", ""A054930"")","=HYPERLINK(""http://comp.fnguide.com/SVO2/ASP/SVD_Consensus.asp?pGB=1&gicode=A054930&cID=&MenuYn=Y&ReportGB=&NewMenuID=108&stkGb=701"", ""유신"")",3,19700,0.0,6.46,58608,54927,53637,197.5,178.82,172.27,12.23,False,0,3507.0,,,"[6698.0, 8141.0, 3507.0, nan]","[21.5, -56.9, nan]",0.0,-85.3,"[51.4, 9.7, 21.5, -56.9, -85.3]",-33.726382467711446,591.0,13544,"[1270.0, 1477.0, 1551.0, nan]",49.33,"[16.98, 17.78, 6.95, nan]","[4.93, 2.87, 6.46, nan]",3855.0,92.0,,3.97,True
A007370,진양제약,"=HYPERLINK(""https://finance.naver.com/item/coinfo.nhn?code=007370"", ""A007370"")","=HYPERLINK(""http://comp.fnguide.com/SVO2/ASP/SVD_Consensus.asp?pGB=1&gicode=A007370&cID=&MenuYn=Y&ReportGB=&NewMenuID=108&stkGb=701"", ""진양제약"")",3,4170,0.0,3.19,20894,15788,13999,401.05,278.61,235.7,19.93,False,0,1577.0,,,"[1027.0, 2347.0, 1577.0, nan]","[128.5, -32.8, nan]",0.0,-8.0,"[29.1, 0.1, 128.6, -32.8, -8.0]",12.802501137455025,589.0,27369,"[888.0, 1199.0, 1599.0, nan]",27.56,"[14.84, 28.47, 15.93, nan]","[6.03, 2.48, 3.19, nan]",1207.0,25.0,,2.98,True
A0013V0,삼진식품,"=HYPERLINK(""https://finance.naver.com/item/coinfo.nhn?code=0013V0"", ""A0013V0"")","=HYPERLINK(""http://comp.fnguide.com/SVO2/ASP/SVD_Consensus.asp?pGB=1&gicode=A0013V0&cID=&MenuYn=Y&ReportGB=&NewMenuID=108&stkGb=701"", ""삼진식품"")",2,5820,0.0,18.79,8715,6322,5483,49.74,8.62,-5.79,22.26,False,0,740.0,,,"[-69.0, 194.0, 740.0, nan]","[-381.2, 281.4, nan]",0.0,7.7,"[-93.6, nan, nan, 281.6, 7.7]",0.0,577.0,138969,"[15.0, 47.0, 419.0, nan]",52.43,"[0, 33.27, 22.34, nan, 16.85]","[nan, nan, 18.79, nan]",1095.0,60.0,,,True
A045340,토탈소프트,"=HYPERLINK(""https://finance.naver.com/item/coinfo.nhn?code=045340"", ""A045340"")","=HYPERLINK(""http://comp.fnguide.com/SVO2/ASP/SVD_Consensus.asp?pGB=1&gicode=A045340&cID=&MenuYn=Y&ReportGB=&NewMenuID=108&stkGb=701"", ""토탈소프트"")",2,6650,0.0,7.13,10068,7049,5991,51.4,6.0,-9.91,24.67,True,0,997.0,,,"[442.0, 713.0, 997.0, nan]","[61.3, 39.8, nan]",0.0,92.3,"[-12.4, 43.0, 61.5, 39.8, 92.3]",40.313618676076125,569.0,52528,"[219.0, 274.0, 366.0, nan]",30.73,"[18.58, 24.76, 26.65, nan]","[10.01, 13.22, 7.13, nan]",275.0,94.0,244840.0,1.41,True
A100030,인지소프트,"=HYPERLINK(""https://finance.naver.com/item/coinfo.nhn?code=100030"", ""A100030"")","=HYPERLINK(""http://comp.fnguide.com/SVO2/ASP/SVD_Consensus.asp?pGB=1&gicode=A100030&cID=&MenuYn=Y&ReportGB=&NewMenuID=108&stkGb=701"", ""인지소프트"")",3,17020,0.0,3.07,53647,39787,34930,215.2,133.77,105.23,20.94,True,0,6513.0,,,"[1629.0, 798.0, 6513.0, nan]","[-51.0, 716.2, nan]",0.0,513.5,"[-60.7, 43.3, -51.0, 715.8, 513.5]",69.06223956450437,559.0,9675,"[533.0, 524.0, 695.0, nan]",35.67,"[10.44, 4.96, 35.1, nan]","[10.31, 21.42, 3.07, nan]",189.0,23.0,769157.0,5.64,True
A001620,케이비아이동국실업,"=HYPERLINK(""https://finance.naver.com/item/coinfo.nhn?code=001620"", ""A001620"")","=HYPERLINK(""http://comp.fnguide.com/SVO2/ASP/SVD_Consensus.asp?pGB=1&gicode=A001620&cID=&MenuYn=Y&ReportGB=&NewMenuID=108&stkGb=701"", ""케이비아이동국실업"")",3,2420,0.0,1.74,12394,12093,11987,412.14,399.7,395.35,11.3,True,0,1417.0,,,"[342.0, 1147.0, 1417.0, nan]","[235.4, 23.5, nan]",0.0,,"[nan, 48.2, 235.7, 23.6, nan]",0.0,539.0,82309,"[1921.0, 2216.0, 2633.0, nan]",48.46,"[4.12, 12.34, 13.01, nan]","[8.71, 2.12, 1.74, nan]",8080.0,186.0,,,True
A038010,제일테크노스,"=HYPERLINK(""https://finance.naver.com/item/coinfo.nhn?code=038010"", ""A038010"")","=HYPERLINK(""http://comp.fnguide.com/SVO2/ASP/SVD_Consensus.asp?pGB=1&gicode=A038010&cID=&MenuYn=Y&ReportGB=&NewMenuID=108&stkGb=701"", ""제일테크노스"")",3,5900,0.0,5.29,21481,19095,18259,264.09,223.64,209.47,13.63,True,0,1104.0,,,"[2876.0, 2296.0, 1104.0, nan]","[-20.2, -51.9, nan]",0.0,154.4,"[1346.0, 139.5, -20.2, -51.9, 154.4]",102.2217093440422,531.0,14100,"[1132.0, 1318.0, 1414.0, nan]",44.92,"[26.24, 16.87, 7.27, nan]","[2.94, 2.48, 5.29, nan]",1336.0,71.0,684000.0,2.05,True
A053270,구영테크,"=HYPERLINK(""https://finance.naver.com/item/coinfo.nhn?code=053270"", ""A053270"")","=HYPERLINK(""http://comp.fnguide.com/SVO2/ASP/SVD_Consensus.asp?pGB=1&gicode=A053270&cID=&MenuYn=Y&ReportGB=&NewMenuID=108&stkGb=701"", ""구영테크"")",3,1922,0.0,2.5,8503,6966,6427,342.4,262.42,234.39,16.33,True,0,823.0,,,"[680.0, 665.0, 823.0, nan]","[-2.2, 23.8, nan]",0.0,42.9,"[27.0, 351.6, -2.3, 23.9, 42.9]",58.23813315821038,527.0,167123,"[1066.0, 1305.0, 1540.0, nan]",45.7,"[19.63, 15.37, 15.87, nan]","[4.34, 2.98, 2.5, nan]",4262.0,243.0,,3.4,True
A099410,동방선기,"=HYPERLINK(""https://finance.naver.com/item/coinfo.nhn?code=099410"", ""A099410"")","=HYPERLINK(""http://comp.fnguide.com/SVO2/ASP/SVD_Consensus.asp?pGB=1&gicode=A099410&cID=&MenuYn=Y&ReportGB=&NewMenuID=108&stkGb=701"", ""동방선기"")",3,3740,0.0,7.94,5412,4431,4087,44.69,18.47,9.28,16.35,True,0,568.0,,,"[354.0, 433.0, 568.0, nan]","[22.3, 31.2, nan]",0.0,379.8,"[20.9, 274.6, 22.4, 31.0, 379.8]",103.43300120443892,524.0,106746,"[351.0, 418.0, 498.0, nan]",33.92,"[14.67, 15.71, 17.34, nan]","[6.51, 7.05, 7.94, nan]",419.0,93.0,53945.0,,True
A053980,오상자이엘,"=HYPERLINK(""https://finance.naver.com/item/coinfo.nhn?code=053980"", ""A053980"")","=HYPERLINK(""http://comp.fnguide.com/SVO2/ASP/SVD_Consensus.asp?pGB=1&gicode=A053980&cID=&MenuYn=Y&ReportGB=&NewMenuID=108&stkGb=701"", ""오상자이엘"")",3,2670,0.0,6.28,6250,5984,5890,134.07,124.1,120.61,11.73,True,0,546.0,,,"[1257.0, 335.0, 546.0, nan]","[-73.3, 63.0, nan]",0.0,-31.0,"[84.6, 182.9, -73.4, 63.1, -31.0]",9.347753859782394,507.0,43212,"[958.0, 1041.0, 1091.0, nan]",37.24,"[28.45, 6.36, 9.73, nan]","[4.41, 10.03, 6.28, nan]",1364.0,110.0,10085.0,4.37,True
A004920,씨아이테크,"=HYPERLINK(""https://finance.naver.com/item/coinfo.nhn?code=004920"", ""A004920"")","=HYPERLINK(""http://comp.fnguide.com/SVO2/ASP/SVD_Consensus.asp?pGB=1&gicode=A004920&cID=&MenuYn=Y&ReportGB=&NewMenuID=108&stkGb=701"", ""씨아이테크"")",3,970,0.0,3.69,1491,1447,1431,53.66,49.15,47.56,11.42,True,0,290.0,,,"[-164.0, -2.0, 290.0, nan]","[-98.8, -14600.0, nan]",0.0,2255.2,"[nan, nan, nan, nan, 2255.2]",0.0,506.0,239761,"[549.0, 548.0, 732.0, nan]",26.16,"[-15.1, -0.17, 22.84, nan]","[nan, nan, 3.69, nan]",415.0,20.0,203092.0,,True
A318160,셀바이오휴먼텍,"=HYPERLINK(""https://finance.naver.com/item/coinfo.nhn?code=318160"", ""A318160"")","=HYPERLINK(""http://comp.fnguide.com/SVO2/ASP/SVD_Consensus.asp?pGB=1&gicode=A318160&cID=&MenuYn=Y&ReportGB=&NewMenuID=108&stkGb=701"", ""셀바이오휴먼텍"")",3,5390,0.0,8.7,7385,7089,6986,37.0,31.53,29.61,11.67,False,0,939.0,,,"[-198.0, 473.0, 939.0, nan]","[-338.9, 98.5, nan]",0.0,37.2,"[-2.5, nan, nan, 98.7, 37.2]",0.0,503.0,40012,"[446.0, 464.0, 567.0, nan]",35.88,"[-4.84, 9.63, 16.91, nan]","[nan, 6.66, 8.7, nan]",511.0,93.0,1036681.0,,True
A466410,사이냅소프트,"=HYPERLINK(""https://finance.naver.com/item/coinfo.nhn?code=466410"", ""A466410"")","=HYPERLINK(""http://comp.fnguide.com/SVO2/ASP/SVD_Consensus.asp?pGB=1&gicode=A466410&cID=&MenuYn=Y&ReportGB=&NewMenuID=108&stkGb=701"", ""사이냅소프트"")",3,9620,0.0,11.08,15745,15049,14805,63.67,56.43,53.89,11.77,True,0,1132.0,,,"[1555.0, 1449.0, 1132.0, nan]","[-6.8, -21.9, nan]",0.0,22.0,"[nan, 40.8, -6.8, -21.9, 22.0]",0.0,485.0,12871,"[334.0, 640.0, 697.0, nan]",44.14,"[20.41, 12.3, 8.53, nan]","[nan, 11.38, 11.08, nan]",135.0,47.0,209549.0,,True
A090080,평화산업,"=HYPERLINK(""https://finance.naver.com/item/coinfo.nhn?code=090080"", ""A090080"")","=HYPERLINK(""http://comp.fnguide.com/SVO2/ASP/SVD_Consensus.asp?pGB=1&gicode=A090080&cID=&MenuYn=Y&ReportGB=&NewMenuID=108&stkGb=701"", ""평화산업"")",3,865,0.0,3.29,1971,1523,1367,127.84,76.11,57.98,18.8,True,0,286.0,,,"[66.0, 70.0, 286.0, nan]","[6.1, 308.6, nan]",0.0,488.3,"[2865.6, -40.3, 5.5, 309.8, 488.3]",239.39233771238713,475.0,189524,"[434.0, 461.0, 621.0, nan]",55.64,"[8.57, 8.57, 29.03, nan]","[20.06, 12.75, 3.29, nan]",6261.0,133.0,,,True
A459550,알트,"=HYPERLINK(""https://finance.naver.com/item/coinfo.nhn?code=459550"", ""A459550"")","=HYPERLINK(""http://comp.fnguide.com/SVO2/ASP/SVD_Consensus.asp?pGB=1&gicode=A459550&cID=&MenuYn=Y&ReportGB=&NewMenuID=108&stkGb=701"", ""알트"")",3,1878,0.0,18.51,5867,3778,3046,212.4,101.17,62.19,32.52,False,0,203.0,,,"[596.0, 655.0, 203.0, nan]","[9.9, -69.0, nan]",0.0,,"[nan, nan, 9.9, -69.1, nan]",0.0,474.0,7229920,"[23.0, 291.0, 483.0, nan]",27.11,"[0, 77.87, 13.12, nan, -8.79]","[nan, nan, 18.51, nan]",1129.0,90.0,411236.0,,True
A465480,인스피언,"=HYPERLINK(""https://finance.naver.com/item/coinfo.nhn?code=465480"", ""A465480"")","=HYPERLINK(""http://comp.fnguide.com/SVO2/ASP/SVD_Consensus.asp?pGB=1&gicode=A465480&cID=&MenuYn=Y&ReportGB=&NewMenuID=108&stkGb=701"", ""인스피언"")",3,4490,0.0,20.04,6224,6014,5941,38.62,33.94,32.31,11.52,True,0,264.0,,,"[668.0, 507.0, 264.0, nan]","[-24.1, -47.9, nan]",0.0,-7.3,"[nan, 81.5, -24.2, -39.3, -7.3]",0.0,455.0,60573,"[189.0, 527.0, 560.0, nan]",72.66,"[30.83, 11.76, 4.92, nan]","[nan, 15.0, 20.04, nan]",200.0,26.0,532733.0,1.89,True
A003080,SB성보,"=HYPERLINK(""https://finance.naver.com/item/coinfo.nhn?code=003080"", ""A003080"")","=HYPERLINK(""http://comp.fnguide.com/SVO2/ASP/SVD_Consensus.asp?pGB=1&gicode=A003080&cID=&MenuYn=Y&ReportGB=&NewMenuID=108&stkGb=701"", ""SB성보"")",3,2215,0.0,1.63,9076,8418,8188,309.74,280.05,269.64,12.49,False,0,1721.0,,,"[64.0, -172.0, 1721.0, nan]","[-368.8, -1100.6, nan]",0.0,-12.2,"[195.1, -68.2, nan, nan, -12.2]",0.0,443.0,251446,"[1328.0, 1258.0, 1536.0, nan]",48.62,"[0.95, -2.66, 24.66, nan]","[45.92, nan, 1.63, nan]",643.0,-81.0,431979.0,7.32,True
A178780,일월지엠엘,"=HYPERLINK(""https://finance.naver.com/item/coinfo.nhn?code=178780"", ""A178780"")","=HYPERLINK(""http://comp.fnguide.com/SVO2/ASP/SVD_Consensus.asp?pGB=1&gicode=A178780&cID=&MenuYn=Y&ReportGB=&NewMenuID=108&stkGb=701"", ""일월지엠엘"")",3,2325,0.0,9.87,3681,2918,2650,58.34,25.49,13.98,17.67,True,0,284.0,,,"[-532.0, 431.0, 284.0, nan]","[-181.0, -34.1, nan]",0.0,-7.6,"[nan, nan, nan, -34.3, -7.6]",0.0,433.0,9340,"[134.0, 334.0, 419.0, nan]",45.69,"[-66.79, 31.96, 14.03, nan]","[nan, 11.01, 9.87, nan]",339.0,20.0,2215.0,8.93,True
A307280,원바이오젠,"=HYPERLINK(""https://finance.naver.com/item/coinfo.nhn?code=307280"", ""A307280"")","=HYPERLINK(""http://comp.fnguide.com/SVO2/ASP/SVD_Consensus.asp?pGB=1&gicode=A307280&cID=&MenuYn=Y&ReportGB=&NewMenuID=108&stkGb=701"", ""원바이오젠"")",3,5990,0.0,7.36,9792,7917,7260,63.47,32.17,21.2,16.84,False,0,907.0,,,"[752.0, 770.0, 907.0, nan]","[2.4, 17.8, nan]",0.0,40.0,"[nan, 71.0, 2.4, 17.9, 40.0]",0.0,425.0,12691,"[322.0, 372.0, 427.0, nan]",32.76,"[18.61, 16.39, 16.55, nan]","[11.32, 7.46, 7.36, nan]",352.0,79.0,288630.0,2.1,True
A035460,기산텔레콤,"=HYPERLINK(""https://finance.naver.com/item/coinfo.nhn?code=035460"", ""A035460"")","=HYPERLINK(""http://comp.fnguide.com/SVO2/ASP/SVD_Consensus.asp?pGB=1&gicode=A035460&cID=&MenuYn=Y&ReportGB=&NewMenuID=108&stkGb=701"", ""기산텔레콤"")",3,2845,0.0,6.6,3766,3709,3689,32.36,30.37,29.67,11.1,False,0,290.0,,,"[223.0, 481.0, 290.0, nan]","[115.7, -39.7, nan]",0.0,490.6,"[nan, 7.5, 115.3, -39.6, 490.6]",0.0,424.0,190143,"[388.0, 467.0, 546.0, nan]",34.41,"[8.76, 16.39, 8.36, nan]","[11.39, 3.64, 6.6, nan]",995.0,81.0,,,True
A012280,영화금속,"=HYPERLINK(""https://finance.naver.com/item/coinfo.nhn?code=012280"", ""A012280"")","=HYPERLINK(""http://comp.fnguide.com/SVO2/ASP/SVD_Consensus.asp?pGB=1&gicode=A012280&cID=&MenuYn=Y&ReportGB=&NewMenuID=108&stkGb=701"", ""영화금속"")",3,855,0.0,4.04,2161,1903,1813,152.79,122.61,112.03,13.91,True,0,235.0,,,"[141.0, 167.0, 235.0, nan]","[18.4, 40.7, nan]",0.0,33.1,"[nan, 1505.4, 18.3, 41.0, 33.1]",0.0,423.0,117341,"[675.0, 730.0, 815.0, nan]",27.17,"[11.57, 12.32, 15.74, nan]","[6.28, 5.39, 4.04, nan]",3514.0,152.0,930000.0,3.68,True
A025880,케이씨피드,"=HYPERLINK(""https://finance.naver.com/item/coinfo.nhn?code=025880"", ""A025880"")","=HYPERLINK(""http://comp.fnguide.com/SVO2/ASP/SVD_Consensus.asp?pGB=1&gicode=A025880&cID=&MenuYn=Y&ReportGB=&NewMenuID=108&stkGb=701"", ""케이씨피드"")",3,2500,0.0,4.35,5604,5322,5223,124.17,112.88,108.92,11.92,True,0,618.0,,,"[397.0, 409.0, 618.0, nan]","[3.0, 51.1, nan]",0.0,9.4,"[4.3, 57.9, 3.1, 51.2, 9.4]",22.94159504940336,418.0,41237,"[656.0, 712.0, 801.0, nan]",27.31,"[10.51, 9.99, 13.67, nan]","[6.28, 6.42, 4.35, nan]",1218.0,122.0,930722.0,6.13,True
A052460,아이크래프트,"=HYPERLINK(""https://finance.naver.com/item/coinfo.nhn?code=052460"", ""A052460"")","=HYPERLINK(""http://comp.fnguide.com/SVO2/ASP/SVD_Consensus.asp?pGB=1&gicode=A052460&cID=&MenuYn=Y&ReportGB=&NewMenuID=108&stkGb=701"", ""아이크래프트"")",3,2845,0.0,3.81,5128,4434,4190,80.26,55.84,47.28,14.47,True,0,695.0,,,"[312.0, -63.0, 695.0, nan]","[-120.2, -1203.2, nan]",0.0,,"[-76.0, 802.9, nan, nan, nan]",0.0,416.0,103393,"[377.0, 358.0, 465.0, nan]",21.1,"[12.86, -2.52, 24.65, nan]","[12.06, nan, 3.81, nan]",2065.0,80.0,2450000.0,3.78,True
A464280,티디에스팜,"=HYPERLINK(""https://finance.naver.com/item/coinfo.nhn?code=464280"", ""A464280"")","=HYPERLINK(""http://comp.fnguide.com/SVO2/ASP/SVD_Consensus.asp?pGB=1&gicode=A464280&cID=&MenuYn=Y&ReportGB=&NewMenuID=108&stkGb=701"", ""티디에스팜"")",3,7080,0.0,12.74,9812,8896,8575,38.59,25.65,21.11,13.08,False,0,773.0,,,"[938.0, 715.0, 773.0, nan]","[-23.8, 8.1, nan]",0.0,212.9,"[67.5, 35.7, -23.8, 8.1, 212.9]",42.41514536516422,392.0,10461,"[229.0, 385.0, 428.0, nan]",46.25,"[22.73, 12.1, 10.52, nan]","[nan, 18.52, 12.74, nan]",276.0,38.0,241500.0,,True
A215090,솔디펜스,"=HYPERLINK(""https://finance.naver.com/item/coinfo.nhn?code=215090"", ""A215090"")","=HYPERLINK(""http://comp.fnguide.com/SVO2/ASP/SVD_Consensus.asp?pGB=1&gicode=A215090&cID=&MenuYn=Y&ReportGB=&NewMenuID=108&stkGb=701"", ""솔디펜스"")",3,1688,0.0,17.3,3131,2682,2525,85.51,58.91,49.58,14.76,True,0,135.0,,,"[-672.0, 496.0, 135.0, nan]","[-173.8, -72.8, nan]",0.0,,"[nan, nan, nan, -72.8, nan]",0.0,391.0,133334,"[231.0, 410.0, 522.0, nan]",31.02,"[-47.42, 34.3, 6.66, nan]","[nan, 14.11, 17.3, nan]",268.0,13.0,347742.0,,True
A020180,대신정보통신,"=HYPERLINK(""https://finance.naver.com/item/coinfo.nhn?code=020180"", ""A020180"")","=HYPERLINK(""http://comp.fnguide.com/SVO2/ASP/SVD_Consensus.asp?pGB=1&gicode=A020180&cID=&MenuYn=Y&ReportGB=&NewMenuID=108&stkGb=701"", ""대신정보통신"")",3,994,0.0,7.86,1384,1186,1117,39.27,19.32,12.33,14.76,True,0,149.0,,,"[-1.0, 170.0, 149.0, nan]","[-17100.0, -12.4, nan]",0.0,140.1,"[21.3, nan, nan, -12.3, 140.1]",0.0,382.0,500441,"[286.0, 344.0, 389.0, nan]",21.32,"[-0.17, 20.78, 15.66, nan]","[nan, 6.52, 7.86, nan]",2029.0,91.0,,2.56,True
A066360,체리부로,"=HYPERLINK(""https://finance.naver.com/item/coinfo.nhn?code=066360"", ""A066360"")","=HYPERLINK(""http://comp.fnguide.com/SVO2/ASP/SVD_Consensus.asp?pGB=1&gicode=A066360&cID=&MenuYn=Y&ReportGB=&NewMenuID=108&stkGb=701"", ""체리부로"")",3,796,0.0,1.52,3222,2624,2415,304.78,229.66,203.34,16.55,True,0,496.0,,,"[291.0, -190.0, 496.0, nan]","[-165.3, -361.1, nan]",0.0,,"[nan, 57.5, nan, nan, nan]",0.0,382.0,73836,"[835.0, 756.0, 1007.0, nan]",63.95,"[18.33, -11.43, 27.0, nan]","[4.67, nan, 1.52, nan]",4054.0,285.0,,,True
A364950,에이아이코리아,"=HYPERLINK(""https://finance.naver.com/item/coinfo.nhn?code=364950"", ""A364950"")","=HYPERLINK(""http://comp.fnguide.com/SVO2/ASP/SVD_Consensus.asp?pGB=1&gicode=A364950&cID=&MenuYn=Y&ReportGB=&NewMenuID=108&stkGb=701"", ""에이아이코리아"")",3,4575,0.0,,8586,7675,7356,87.68,67.76,60.78,13.47,False,0,-94.0,,,"[579.0, 1549.0, -94.0, nan]","[167.5, -106.1, nan]",0.0,,"[71.1, -2.3, 167.6, nan, nan]",0.0,380.0,60874,"[314.0, 442.0, 570.0, nan]",31.24,"[15.88, 32.48, -1.53, nan]","[nan, nan, nan, nan]",870.0,28.0,7112.0,,True
A046310,백금T&A,"=HYPERLINK(""https://finance.naver.com/item/coinfo.nhn?code=046310"", ""A046310"")","=HYPERLINK(""http://comp.fnguide.com/SVO2/ASP/SVD_Consensus.asp?pGB=1&gicode=A046310&cID=&MenuYn=Y&ReportGB=&NewMenuID=108&stkGb=701"", ""백금T&A"")",3,2220,0.0,13.69,5736,5102,4879,158.39,129.8,119.79,13.62,False,0,258.0,,,"[817.0, 807.0, 258.0, nan]","[-1.2, -68.0, nan]",0.0,-49.4,"[-18.3, 182.3, -1.2, -68.1, -49.4]",-18.12973128549038,364.0,67455,"[615.0, 713.0, 731.0, nan]",25.44,"[24.22, 19.95, 5.86, nan]","[3.79, 2.72, 13.69, nan]",1489.0,68.0,336598.0,2.84,True
A290270,휴네시온,"=HYPERLINK(""https://finance.naver.com/item/coinfo.nhn?code=290270"", ""A290270"")","=HYPERLINK(""http://comp.fnguide.com/SVO2/ASP/SVD_Consensus.asp?pGB=1&gicode=A290270&cID=&MenuYn=Y&ReportGB=&NewMenuID=108&stkGb=701"", ""휴네시온"")",3,3000,0.0,6.39,6012,5719,5617,100.41,90.65,87.23,11.88,True,0,588.0,,,"[701.0, 415.0, 588.0, nan]","[-40.8, 41.7, nan]",0.0,,"[nan, nan, -40.9, 41.9, nan]",0.0,288.0,54341,"[419.0, 451.0, 504.0, nan]",46.84,"[17.44, 9.16, 11.83, nan]","[5.53, 7.82, 6.39, nan]",377.0,48.0,381753.0,1.33,True
A342870,오아,"=HYPERLINK(""https://finance.naver.com/item/coinfo.nhn?code=342870"", ""A342870"")","=HYPERLINK(""http://comp.fnguide.com/SVO2/ASP/SVD_Consensus.asp?pGB=1&gicode=A342870&cID=&MenuYn=Y&ReportGB=&NewMenuID=108&stkGb=701"", ""오아"")",3,5060,0.0,,10523,9110,8615,107.96,80.04,70.25,14.42,False,0,-606.0,,,"[641.0, 1030.0, -606.0, nan]","[60.7, -158.8, nan]",0.0,-60.6,"[nan, nan, 60.6, nan, -60.6]",0.0,276.0,4626,"[162.0, 255.0, 429.0, nan]",47.33,"[20.39, 33.08, -9.73, nan]","[nan, nan, nan, nan]",1033.0,82.0,,,True
A033250,체시스,"=HYPERLINK(""https://finance.naver.com/item/coinfo.nhn?code=033250"", ""A033250"")","=HYPERLINK(""http://comp.fnguide.com/SVO2/ASP/SVD_Consensus.asp?pGB=1&gicode=A033250&cID=&MenuYn=Y&ReportGB=&NewMenuID=108&stkGb=701"", ""체시스"")",3,4235,0.0,5.11,9760,8339,7841,130.45,96.91,85.15,14.84,True,0,985.0,,,"[515.0, 949.0, 985.0, nan]","[84.3, 3.8, nan]",0.0,-8.7,"[nan, nan, nan, 3.7, -8.7]",0.0,271.0,72158,"[332.0, 386.0, 454.0, nan]",35.09,"[10.27, 16.9, 15.0, nan]","[18.81, 5.93, 5.11, nan]",938.0,75.0,,,True
A030720,동원수산,"=HYPERLINK(""https://finance.naver.com/item/coinfo.nhn?code=030720"", ""A030720"")","=HYPERLINK(""http://comp.fnguide.com/SVO2/ASP/SVD_Consensus.asp?pGB=1&gicode=A030720&cID=&MenuYn=Y&ReportGB=&NewMenuID=108&stkGb=701"", ""동원수산"")",3,5680,0.0,3.65,12454,12276,12213,119.26,116.12,115.02,11.09,False,0,1664.0,,,"[-3786.0, 1098.0, 1664.0, nan]","[-129.0, 51.5, nan]",0.0,78.6,"[-17.2, nan, nan, 51.5, 78.6]",0.0,264.0,19322,"[427.0, 488.0, 564.0, nan]",20.51,"[-33.44, 11.17, 14.73, nan]","[nan, 4.63, 3.65, nan]",1726.0,88.0,,,True
A290560,파라택시스이더리움,"=HYPERLINK(""https://finance.naver.com/item/coinfo.nhn?code=290560"", ""A290560"")","=HYPERLINK(""http://comp.fnguide.com/SVO2/ASP/SVD_Consensus.asp?pGB=1&gicode=A290560&cID=&MenuYn=Y&ReportGB=&NewMenuID=108&stkGb=701"", ""파라택시스이더리움"")",3,1089,0.0,8.93,1206,1201,1199,10.74,10.24,10.07,10.88,True,0,176.0,,,"[-1.0, 129.0, 176.0, nan]","[-13000.0, 36.4, nan]",0.0,,"[78.1, nan, nan, 35.7, nan]",0.0,244.0,26326,"[191.0, 225.0, 263.0, nan]",56.0,"[-0.12, 12.08, 13.71, nan]","[nan, 9.08, 8.93, nan]",140.0,36.0,368935.0,,True
A267790,배럴,"=HYPERLINK(""https://finance.naver.com/item/coinfo.nhn?code=267790"", ""A267790"")","=HYPERLINK(""http://comp.fnguide.com/SVO2/ASP/SVD_Consensus.asp?pGB=1&gicode=A267790&cID=&MenuYn=Y&ReportGB=&NewMenuID=108&stkGb=701"", ""배럴"")",3,3000,0.0,8.08,6780,6424,6300,126.0,114.14,109.98,11.97,False,0,469.0,,,"[763.0, 541.0, 469.0, nan]","[-29.1, -13.3, nan]",0.0,,"[nan, nan, -29.1, -13.3, nan]",0.0,231.0,5040,"[397.0, 440.0, 470.0, nan]",48.95,"[19.47, 11.95, 9.48, nan]","[10.1, 8.56, 8.08, nan]",592.0,66.0,,1.98,True
A053060,세동,"=HYPERLINK(""https://finance.naver.com/item/coinfo.nhn?code=053060"", ""A053060"")","=HYPERLINK(""http://comp.fnguide.com/SVO2/ASP/SVD_Consensus.asp?pGB=1&gicode=A053060&cID=&MenuYn=Y&ReportGB=&NewMenuID=108&stkGb=701"", ""세동"")",3,1276,0.0,3.85,2699,2477,2399,111.5,94.11,88.02,12.76,True,0,333.0,,,"[555.0, -65.0, 333.0, nan]","[-111.7, -612.3, nan]",0.0,40.6,"[nan, -21.7, nan, nan, 40.6]",0.0,225.0,46435,"[374.0, 351.0, 403.0, nan]",28.32,"[29.75, -3.18, 15.6, nan]","[3.38, nan, 3.85, nan]",1894.0,91.0,537.0,,True
A139670,키네마스터,"=HYPERLINK(""https://finance.naver.com/item/coinfo.nhn?code=139670"", ""A139670"")","=HYPERLINK(""http://comp.fnguide.com/SVO2/ASP/SVD_Consensus.asp?pGB=1&gicode=A139670&cID=&MenuYn=Y&ReportGB=&NewMenuID=108&stkGb=701"", ""키네마스터"")",3,1587,0.0,10.79,3026,2372,2143,90.68,49.48,35.04,18.15,True,0,241.0,,,"[186.0, 310.0, 241.0, nan]","[66.7, -22.3, nan]",0.0,44.5,"[nan, nan, 66.9, -22.4, 44.5]",0.0,224.0,26497,"[167.0, 219.0, 254.0, nan]",32.18,"[20.02, 22.78, 14.44, nan]","[25.21, 9.26, 10.79, nan]",123.0,9.0,,,True
A067730,로지시스,"=HYPERLINK(""https://finance.naver.com/item/coinfo.nhn?code=067730"", ""A067730"")","=HYPERLINK(""http://comp.fnguide.com/SVO2/ASP/SVD_Consensus.asp?pGB=1&gicode=A067730&cID=&MenuYn=Y&ReportGB=&NewMenuID=108&stkGb=701"", ""로지시스"")",3,2300,0.0,7.8,2680,2409,2313,16.51,4.72,0.59,13.32,True,0,342.0,,,"[53.0, 249.0, 342.0, nan]","[369.8, 37.3, nan]",0.0,7.8,"[-90.2, 152.5, 367.7, 36.9, 7.8]",11.300062294306557,223.0,46659,"[170.0, 187.0, 210.0, nan]",55.01,"[3.03, 13.5, 16.63, nan]","[67.77, 11.28, 7.8, nan]",485.0,29.0,,5.63,True
A080470,성창오토텍,"=HYPERLINK(""https://finance.naver.com/item/coinfo.nhn?code=080470"", ""A080470"")","=HYPERLINK(""http://comp.fnguide.com/SVO2/ASP/SVD_Consensus.asp?pGB=1&gicode=A080470&cID=&MenuYn=Y&ReportGB=&NewMenuID=108&stkGb=701"", ""성창오토텍"")",3,3030,0.0,3.46,10036,9097,8768,231.23,200.24,189.38,13.09,True,0,1163.0,,,"[753.0, 748.0, 1163.0, nan]","[-0.7, 55.5, nan]",0.0,-5.6,"[-39.2, 134.6, -0.8, 55.6, -5.6]",15.756388639797049,221.0,24426,"[481.0, 530.0, 604.0, nan]",52.38,"[11.96, 10.8, 14.99, nan]","[6.68, 4.78, 3.46, nan]",2435.0,116.0,,1.74,True
A113810,디젠스,"=HYPERLINK(""https://finance.naver.com/item/coinfo.nhn?code=113810"", ""A113810"")","=HYPERLINK(""http://comp.fnguide.com/SVO2/ASP/SVD_Consensus.asp?pGB=1&gicode=A113810&cID=&MenuYn=Y&ReportGB=&NewMenuID=108&stkGb=701"", ""디젠스"")",3,676,0.0,34.61,817,772,756,20.79,14.17,11.84,12.03,False,0,23.0,,,"[91.0, 138.0, 23.0, nan]","[51.6, -83.3, nan]",0.0,-3.5,"[nan, nan, 51.5, -83.5, -3.5]",0.0,221.0,3981324,"[177.0, 222.0, 239.0, nan]",34.92,"[17.45, 22.53, 3.22, nan]","[12.95, 11.56, 34.61, nan]",804.0,10.0,,,True
A177350,베셀,"=HYPERLINK(""https://finance.naver.com/item/coinfo.nhn?code=177350"", ""A177350"")","=HYPERLINK(""http://comp.fnguide.com/SVO2/ASP/SVD_Consensus.asp?pGB=1&gicode=A177350&cID=&MenuYn=Y&ReportGB=&NewMenuID=108&stkGb=701"", ""베셀"")",3,717,0.0,1.36,5478,3679,3048,664.07,413.08,325.12,28.13,True,0,900.0,,,"[-2896.0, -619.0, 900.0, nan]","[-78.6, -245.4, nan]",0.0,,"[nan, nan, nan, nan, nan]",0.0,141.0,125851,"[265.0, 215.0, 413.0, nan]",28.43,"[-83.47, -43.79, 56.26, nan]","[nan, nan, 1.36, nan]",166.0,-26.0,,,True
