code,name,naverlink,fnlink,est_level,price,pegr,cur_per,est_price,est_price1,est_price2,disparity,disparity1,disparity2,rep_roe,is_cheap_comp_per,eps_level,eps,eps_expect,eps_expect_this_year_ratio,eps_list,eps증가율,eps증가율기하평균,EPS최근증가율,EPS증가율_ORG,EPS증가율_AVG,market_cap,trading_cnt,지배주주자본,최대주주지분율,ROE,PER,매출액,영업이익,자기주식수,배당수익률,True
A000270,기아,"=HYPERLINK(""https://stock.naver.com/domestic/stock/000270"", ""A000270"")","=HYPERLINK(""http://comp.fnguide.com/SVO2/ASP/SVD_Consensus.asp?pGB=1&gicode=A000270&cID=&MenuYn=Y&ReportGB=&NewMenuID=108&stkGb=701"", ""기아"")",3,151400,-8.9,6.37,237248,194682,179783,56.7,28.59,18.75,16.23,True,1,19111.0,21312.0,11.5,"[21770.0, 24413.0, 19111.0, 21312.0]","[12.1, -21.7, 11.5]",-0.7156613266420586,-22.0,"[13.6, 63.1, 12.1, -21.7, -22.0]",4.871831810635907,591085.0,1305489,"[465524.0, 558312.0, 611879.0, 670609.0]",36.99,"[20.44, 19.09, 12.92, 12.98]","[4.59, 4.12, 6.37, 7.1]",1141409.0,90781.0,1756955.0,5.58,True
A015760,한국전력,"=HYPERLINK(""https://stock.naver.com/domestic/stock/015760"", ""A015760"")","=HYPERLINK(""http://comp.fnguide.com/SVO2/ASP/SVD_Consensus.asp?pGB=1&gicode=A015760&cID=&MenuYn=Y&ReportGB=&NewMenuID=108&stkGb=701"", ""한국전력"")",3,36000,0.0,3.55,88993,81549,78943,147.2,126.52,119.29,12.77,True,0,13311.0,8652.0,-35.0,"[-7512.0, 5439.0, 13311.0, 8652.0]","[-172.4, 144.7, -35.0]",0.0,7.1,"[nan, nan, nan, 144.7, 7.1]",0.0,231107.0,2314906,"[358450.0, 399152.0, 481699.0, 526507.0]",51.11,"[-12.63, 9.22, 19.4, 11.02]","[nan, 3.69, 3.55, 4.16]",974293.0,134906.0,,3.27,True
A138040,메리츠금융지주,"=HYPERLINK(""https://stock.naver.com/domestic/stock/138040"", ""A138040"")","=HYPERLINK(""http://comp.fnguide.com/SVO2/ASP/SVD_Consensus.asp?pGB=1&gicode=A138040&cID=&MenuYn=Y&ReportGB=&NewMenuID=108&stkGb=701"", ""메리츠금융지주"")",1,102800,0.81,8.91,140566,99576,85229,36.74,-3.14,-17.09,23.76,True,3,12698.0,14331.0,12.9,"[10468.0, 11897.0, 12698.0, 14331.0]","[13.7, 6.7, 12.9]",11.055381583725321,3.6,"[4.0, 4.2, -1.2, 1.6, 3.6]",2.419415552429549,172033.0,413158,"[95819.0, 100944.0, 103226.0, 109195.0]",58.78,"[28.11, 23.44, 22.53, 22.76]","[5.65, 8.74, 8.91, 7.17]",41459.0,28727.0,5315700.0,,True
A086280,현대글로비스,"=HYPERLINK(""https://stock.naver.com/domestic/stock/086280"", ""A086280"")","=HYPERLINK(""http://comp.fnguide.com/SVO2/ASP/SVD_Consensus.asp?pGB=1&gicode=A086280&cID=&MenuYn=Y&ReportGB=&NewMenuID=108&stkGb=701"", ""현대글로비스"")",1,192000,0.44,7.81,203713,168676,156412,6.1,-12.15,-18.54,15.9,True,0,23117.0,23096.0,-0.1,"[14148.0, 14585.0, 23117.0, 23096.0]","[3.1, 58.5, -0.1]",17.747349528558743,-14.5,"[52.0, -10.8, 3.1, 58.5, -14.5]",13.62986684993519,144000.0,320585,"[77554.0, 87732.0, 103512.0, 116611.0]",50.36,"[14.51, 13.24, 18.13, 15.74]","[6.77, 8.1, 7.81, 8.31]",295664.0,20730.0,,3.21,True
A071050,한국금융지주,"=HYPERLINK(""https://stock.naver.com/domestic/stock/071050"", ""A071050"")","=HYPERLINK(""http://comp.fnguide.com/SVO2/ASP/SVD_Consensus.asp?pGB=1&gicode=A071050&cID=&MenuYn=Y&ReportGB=&NewMenuID=108&stkGb=701"", ""한국금융지주"")",3,216000,0.09,4.93,309670,265972,250677,43.37,23.14,16.05,14.65,True,3,32808.0,43853.0,33.7,"[11480.0, 16883.0, 32808.0, 43853.0]","[47.1, 94.3, 33.7]",56.34078689883295,-1.9,"[-0.7, -1.4, -2.9, -2.4, -1.9]",-1.862985086075064,120368.0,289607,"[83737.0, 96508.0, 120103.0, 138744.0]",21.3,"[8.81, 11.54, 18.66, 20.87]","[5.34, 4.22, 4.93, 4.93]",40358.0,23453.0,2987479.0,5.37,True
A005830,DB손해보험,"=HYPERLINK(""https://stock.naver.com/domestic/stock/005830"", ""A005830"")","=HYPERLINK(""http://comp.fnguide.com/SVO2/ASP/SVD_Consensus.asp?pGB=1&gicode=A005830&cID=&MenuYn=Y&ReportGB=&NewMenuID=108&stkGb=701"", ""DB손해보험"")",3,136200,-2.97,5.19,296289,233962,212146,117.54,71.78,55.76,17.79,True,0,25263.0,23285.0,-7.8,"[24556.0, 26152.0, 25263.0, 23285.0]","[6.5, -3.4, -7.8]",-1.7454769675439241,17.7,"[13.3, 21.8, 15.6, 19.0, 17.7]",17.444231735265483,89211.0,235086,"[102365.0, 92966.0, 108808.0, 110240.0]",27.5,"[15.63, 18.96, 17.72, 14.12]","[3.41, 3.93, 5.19, 5.85]",165596.0,23840.0,4856880.0,5.8,True
A039490,키움증권,"=HYPERLINK(""https://stock.naver.com/domestic/stock/039490"", ""A039490"")","=HYPERLINK(""http://comp.fnguide.com/SVO2/ASP/SVD_Consensus.asp?pGB=1&gicode=A039490&cID=&MenuYn=Y&ReportGB=&NewMenuID=108&stkGb=701"", ""키움증권"")",1,330500,0.12,7.15,378125,312789,289921,14.41,-5.36,-12.28,15.93,True,3,40504.0,59876.0,47.8,"[15021.0, 29304.0, 40504.0, 59876.0]","[95.1, 38.2, 47.8]",58.542821257598376,27.9,"[11.5, 9.3, 16.0, 18.1, 27.9]",16.38437859670292,86685.0,122007,"[48607.0, 55877.0, 67044.0, 78100.0]",42.49,"[9.27, 15.98, 18.12, 21.92]","[6.62, 3.97, 7.15, 5.52]",23962.0,14882.0,,3.97,True
A021240,코웨이,"=HYPERLINK(""https://stock.naver.com/domestic/stock/021240"", ""A021240"")","=HYPERLINK(""http://comp.fnguide.com/SVO2/ASP/SVD_Consensus.asp?pGB=1&gicode=A021240&cID=&MenuYn=Y&ReportGB=&NewMenuID=108&stkGb=701"", ""코웨이"")",1,87400,0.64,10.15,89479,69240,62156,2.38,-20.78,-28.88,18.7,True,3,8558.0,9921.0,15.9,"[6386.0, 7664.0, 8558.0, 9921.0]","[20.0, 11.7, 15.9]",15.81708190591855,33.7,"[-1.6, 2.9, 20.0, 11.7, 33.7]",12.656242007415507,61851.0,462152,"[26399.0, 31984.0, 36137.0, 41302.0]",26.95,"[19.03, 19.38, 18.14, 18.17]","[8.96, 8.73, 10.15, 8.81]",49636.0,8787.0,638513.0,2.27,True
A175330,JB금융지주,"=HYPERLINK(""https://stock.naver.com/domestic/stock/175330"", ""A175330"")","=HYPERLINK(""http://comp.fnguide.com/SVO2/ASP/SVD_Consensus.asp?pGB=1&gicode=A175330&cID=&MenuYn=Y&ReportGB=&NewMenuID=108&stkGb=701"", ""JB금융지주"")",3,24800,0.72,6.96,37257,34528,33572,50.23,39.22,35.37,12.48,True,3,3688.0,3933.0,6.6,"[2975.0, 3469.0, 3688.0, 3933.0]","[16.6, 6.3, 6.6]",9.731084942008227,4.1,"[4.0, 4.1, 4.1, 4.1, 4.1]",4.079992310649327,46687.0,652960,"[50028.0, 55806.0, 59146.0, 62977.0]",14.99,"[12.23, 12.8, 12.36, 12.14]","[3.83, 4.69, 6.96, 6.31]",35719.0,9523.0,4223252.0,4.44,True
A002380,KCC,"=HYPERLINK(""https://stock.naver.com/domestic/stock/002380"", ""A002380"")","=HYPERLINK(""http://comp.fnguide.com/SVO2/ASP/SVD_Consensus.asp?pGB=1&gicode=A002380&cID=&MenuYn=Y&ReportGB=&NewMenuID=108&stkGb=701"", ""KCC"")",3,488000,0.03,2.43,1445937,1242219,1170914,196.3,154.55,139.94,14.64,False,0,173128.0,117491.0,-32.1,"[23931.0, 38691.0, 173128.0, 117491.0]","[61.7, 347.5, -32.1]",70.00340160436902,392.5,"[nan, 528.0, 61.7, 347.5, 392.5]",0.0,41933.0,28979,"[51774.0, 52660.0, 78245.0, 82161.0]",35.57,"[4.13, 6.58, 23.51, 12.73]","[9.55, 6.09, 2.43, 4.15]",64838.0,4276.0,1238725.0,3.57,True
A111770,영원무역,"=HYPERLINK(""https://stock.naver.com/domestic/stock/111770"", ""A111770"")","=HYPERLINK(""http://comp.fnguide.com/SVO2/ASP/SVD_Consensus.asp?pGB=1&gicode=A111770&cID=&MenuYn=Y&ReportGB=&NewMenuID=108&stkGb=701"", ""영원무역"")",3,74100,1.73,7.36,118518,106590,102416,59.94,43.85,38.21,13.28,True,2,11109.0,13181.0,18.7,"[11644.0, 9637.0, 11109.0, 13181.0]","[-17.2, 15.3, 18.7]",4.256575193862466,68.9,"[126.3, -23.5, -17.2, 15.3, 68.9]",22.79114711174488,32835.0,79258,"[32467.0, 36867.0, 40923.0, 45983.0]",50.75,"[17.03, 12.32, 12.66, 13.44]","[3.92, 4.4, 7.36, 5.62]",40636.0,5144.0,1751356.0,2.57,True
A005850,에스엘,"=HYPERLINK(""https://stock.naver.com/domestic/stock/005850"", ""A005850"")","=HYPERLINK(""http://comp.fnguide.com/SVO2/ASP/SVD_Consensus.asp?pGB=1&gicode=A005850&cID=&MenuYn=Y&ReportGB=&NewMenuID=108&stkGb=701"", ""에스엘"")",2,63900,1.36,6.4,78991,66421,62022,23.62,3.95,-2.94,15.35,True,1,6692.0,8293.0,23.9,"[7223.0, 7930.0, 6692.0, 8293.0]","[9.8, -15.6, 23.9]",4.714148218180969,32.3,"[64.4, 119.6, 9.8, -15.6, 32.3]",34.65043351358115,29681.0,181635,"[19284.0, 22998.0, 25525.0, 27966.0]",62.92,"[18.83, 17.42, 12.81, 14.4]","[4.94, 3.8, 6.4, 7.7]",52399.0,4071.0,393058.0,6.46,True
A383220,F&F,"=HYPERLINK(""https://stock.naver.com/domestic/stock/383220"", ""A383220"")","=HYPERLINK(""http://comp.fnguide.com/SVO2/ASP/SVD_Consensus.asp?pGB=1&gicode=A383220&cID=&MenuYn=Y&ReportGB=&NewMenuID=108&stkGb=701"", ""F&F"")",2,70600,1.38,6.58,122904,84089,70503,74.08,19.11,-0.14,26.41,True,2,10404.0,12759.0,22.6,"[11096.0, 9408.0, 10404.0, 12759.0]","[-15.2, 10.6, 22.6]",4.764420841997374,138.0,"[95.7, -3.8, -15.2, 10.6, 138.0]",33.259680228602996,27045.0,108425,"[12905.0, 15622.0, 18787.0, 22661.0]",62.82,"[38.43, 25.27, 23.16, 23.58]","[8.04, 5.77, 6.58, 5.53]",19340.0,4686.0,825501.0,3.94,True
A439260,대한조선,"=HYPERLINK(""https://stock.naver.com/domestic/stock/439260"", ""A439260"")","=HYPERLINK(""http://comp.fnguide.com/SVO2/ASP/SVD_Consensus.asp?pGB=1&gicode=A439260&cID=&MenuYn=Y&ReportGB=&NewMenuID=108&stkGb=701"", ""대한조선"")",2,60100,0.3,9.16,103009,63368,49493,71.4,5.44,-17.65,38.68,True,3,7314.0,8010.0,9.5,"[3640.0, 5656.0, 7314.0, 8010.0]","[55.4, 29.3, 9.5]",30.063235310697813,1.3,"[nan, nan, 55.4, 29.3, 1.3]",0.0,22891.0,176117,"[1715.0, 4534.0, 10924.0, 13644.0]",48.18,"[25.0, 55.26, 32.19, 24.94]","[nan, nan, 9.16, 7.5]",12281.0,2941.0,,0.37,True
A009970,영원무역홀딩스,"=HYPERLINK(""https://stock.naver.com/domestic/stock/009970"", ""A009970"")","=HYPERLINK(""http://comp.fnguide.com/SVO2/ASP/SVD_Consensus.asp?pGB=1&gicode=A009970&cID=&MenuYn=Y&ReportGB=&NewMenuID=108&stkGb=701"", ""영원무역홀딩스"")",3,172500,0.0,7.06,328536,291889,279062,90.46,69.21,61.78,13.62,True,0,27133.0,,,"[27262.0, 24492.0, 27133.0, nan]","[-10.2, 10.8, nan]",0.0,40.4,"[99.7, -15.7, -10.2, 10.8, 40.4]",18.65273923852675,22345.0,23054,"[23555.0, 27149.0, 30152.0, nan]",48.71,"[16.88, 13.17, 12.83, nan]","[2.86, 3.4, 7.06, nan]",48950.0,7355.0,1348919.0,3.43,True
A007340,DN오토모티브,"=HYPERLINK(""https://stock.naver.com/domestic/stock/007340"", ""A007340"")","=HYPERLINK(""http://comp.fnguide.com/SVO2/ASP/SVD_Consensus.asp?pGB=1&gicode=A007340&cID=&MenuYn=Y&ReportGB=&NewMenuID=108&stkGb=701"", ""DN오토모티브"")",3,38000,-1.58,5.07,67158,52023,46726,76.73,36.9,22.96,18.65,True,1,4809.0,4985.0,3.7,"[5499.0, 5383.0, 4809.0, 4985.0]","[-2.1, -10.7, 3.7]",-3.2158361587209416,14.0,"[123.8, 51.9, -2.1, -10.7, 14.0]",27.64134493043462,22234.0,164572,"[11393.0, 17416.0, 20073.0, 22766.0]",52.16,"[27.29, 19.78, 15.02, 13.62]","[2.66, 3.41, 5.07, 7.62]",36757.0,5279.0,6748595.0,4.1,True
A030000,제일기획,"=HYPERLINK(""https://stock.naver.com/domestic/stock/030000"", ""A030000"")","=HYPERLINK(""http://comp.fnguide.com/SVO2/ASP/SVD_Consensus.asp?pGB=1&gicode=A030000&cID=&MenuYn=Y&ReportGB=&NewMenuID=108&stkGb=701"", ""제일기획"")",1,18280,1.23,11.64,20740,17959,16985,13.46,-1.76,-7.08,14.39,True,1,1804.0,1952.0,8.2,"[1628.0, 1804.0, 1804.0, 1952.0]","[10.8, 0.0, 8.2]",9.49228283308372,-0.3,"[17.1, -3.3, 10.8, 0.0, -0.3]",5.755891830751025,21030.0,614572,"[12866.0, 14580.0, 15723.0, 16153.0]",28.36,"[14.99, 15.12, 13.7, 14.09]","[11.69, 9.4, 11.64, 9.36]",45469.0,3369.0,13762500.0,5.86,True
A005440,현대지에프홀딩스,"=HYPERLINK(""https://stock.naver.com/domestic/stock/005440"", ""A005440"")","=HYPERLINK(""http://comp.fnguide.com/SVO2/ASP/SVD_Consensus.asp?pGB=1&gicode=A005440&cID=&MenuYn=Y&ReportGB=&NewMenuID=108&stkGb=701"", ""현대지에프홀딩스"")",3,12030,-0.07,3.15,52527,38504,33596,336.63,220.07,179.27,21.56,True,0,2643.0,1987.0,-24.8,"[11200.0, 4483.0, 2643.0, 1987.0]","[-60.0, -41.0, -24.8]",-43.803412018040454,-47.4,"[35.3, 1760.9, -60.0, -41.1, -47.4]",25.55568232876848,18755.0,186726,"[27025.0, 33698.0, 40001.0, 42700.0]",77.15,"[49.81, 23.02, 11.18, 7.49]","[0.32, 1.09, 3.15, 6.05]",80916.0,2741.0,3420585.0,3.61,True
A462870,시프트업,"=HYPERLINK(""https://stock.naver.com/domestic/stock/462870"", ""A462870"")","=HYPERLINK(""http://comp.fnguide.com/SVO2/ASP/SVD_Consensus.asp?pGB=1&gicode=A462870&cID=&MenuYn=Y&ReportGB=&NewMenuID=108&stkGb=701"", ""시프트업"")",2,30200,4.11,10.89,56999,35145,27496,88.74,16.37,-8.95,38.31,True,0,3261.0,2305.0,-29.3,"[2132.0, 2718.0, 3261.0, 2305.0]","[27.5, 20.0, -29.3]",2.6526774852607904,39.4,"[nan, nan, 27.5, 20.0, 39.4]",0.0,17714.0,239453,"[1811.0, 7644.0, 9212.0, 10593.0]",42.46,"[99.16, 31.3, 22.71, 13.67]","[nan, 23.33, 10.89, 13.1]",2945.0,1814.0,1157955.0,,True
A041510,에스엠,"=HYPERLINK(""https://stock.naver.com/domestic/stock/041510"", ""A041510"")","=HYPERLINK(""http://comp.fnguide.com/SVO2/ASP/SVD_Consensus.asp?pGB=1&gicode=A041510&cID=&MenuYn=Y&ReportGB=&NewMenuID=108&stkGb=701"", ""에스엠"")",1,71100,0.5,8.93,96590,68432,58576,35.85,-3.75,-17.61,23.75,True,0,15126.0,5998.0,-60.3,"[3664.0, 778.0, 15126.0, 5998.0]","[-78.8, 1844.2, -60.3]",17.839014598345937,-86.8,"[-40.7, 9.0, -78.8, 1843.8, -86.8]",-18.864949231948746,16278.0,101848,"[7225.0, 6648.0, 10026.0, 10988.0]",41.75,"[12.3, 2.64, 41.65, 13.07]","[25.14, 97.15, 8.93, 11.85]",11749.0,1830.0,,1.2,True
A023590,다우기술,"=HYPERLINK(""https://stock.naver.com/domestic/stock/023590"", ""A023590"")","=HYPERLINK(""http://comp.fnguide.com/SVO2/ASP/SVD_Consensus.asp?pGB=1&gicode=A023590&cID=&MenuYn=Y&ReportGB=&NewMenuID=108&stkGb=701"", ""다우기술"")",3,36500,0.0,3.45,103229,90770,86410,182.82,148.69,136.74,13.92,True,0,11260.0,,,"[5037.0, 7931.0, 11260.0, nan]","[57.5, 42.0, nan]",0.0,106.2,"[-0.9, -39.4, 57.5, 42.0, 106.2]",22.59726125326411,15800.0,86371,"[25189.0, 28873.0, 34464.0, nan]",49.02,"[9.35, 13.16, 15.95, nan]","[3.55, 2.25, 3.45, nan]",174950.0,15593.0,136463.0,4.63,True
A192080,더블유게임즈,"=HYPERLINK(""https://stock.naver.com/domestic/stock/192080"", ""A192080"")","=HYPERLINK(""http://comp.fnguide.com/SVO2/ASP/SVD_Consensus.asp?pGB=1&gicode=A192080&cID=&MenuYn=Y&ReportGB=&NewMenuID=108&stkGb=701"", ""더블유게임즈"")",2,67900,0.89,8.78,84881,72119,67652,25.01,6.21,-0.37,15.0,True,1,6106.0,9166.0,50.1,"[6915.0, 8708.0, 6106.0, 9166.0]","[25.9, -29.9, 50.1]",9.826753704899982,67.4,"[nan, nan, 25.9, -29.9, 67.4]",0.0,14377.0,100599,"[8716.0, 11314.0, 11859.0, 13542.0]",44.98,"[18.62, 18.69, 11.33, 15.29]","[5.82, 6.19, 8.78, 7.41]",7199.0,2321.0,1717003.0,2.24,True
A069620,대웅제약,"=HYPERLINK(""https://stock.naver.com/domestic/stock/069620"", ""A069620"")","=HYPERLINK(""http://comp.fnguide.com/SVO2/ASP/SVD_Consensus.asp?pGB=1&gicode=A069620&cID=&MenuYn=Y&ReportGB=&NewMenuID=108&stkGb=701"", ""대웅제약"")",1,119500,0.82,10.19,120821,103018,96787,1.11,-13.79,-19.01,14.88,True,0,16904.0,14959.0,-11.5,"[10507.0, 2135.0, 16904.0, 14959.0]","[-79.7, 691.8, -11.5]",12.465228167306641,18.3,"[72.4, 188.2, -79.7, 691.8, 18.3]",56.698739719909156,13846.0,38981,"[7673.0, 7946.0, 10061.0, 11849.0]",61.16,"[17.7, 3.17, 21.75, 15.82]","[11.12, 59.21, 10.19, 7.99]",15709.0,1968.0,80305.0,0.35,True
A073240,금호타이어,"=HYPERLINK(""https://stock.naver.com/domestic/stock/073240"", ""A073240"")","=HYPERLINK(""http://comp.fnguide.com/SVO2/ASP/SVD_Consensus.asp?pGB=1&gicode=A073240&cID=&MenuYn=Y&ReportGB=&NewMenuID=108&stkGb=701"", ""금호타이어"")",3,4400,0.14,4.85,12281,9499,8525,179.11,115.88,93.75,18.72,False,3,1209.0,1364.0,12.8,"[549.0, 1131.0, 1209.0, 1364.0]","[106.0, 6.9, 12.8]",35.4309760422318,-1.5,"[nan, nan, 105.9, 6.9, -1.5]",0.0,12639.0,923474,"[12644.0, 17206.0, 20294.0, 24445.0]",60.49,"[13.2, 21.77, 18.53, 17.52]","[9.81, 4.22, 4.85, 3.22]",47013.0,5759.0,,,True
A185750,종근당,"=HYPERLINK(""https://stock.naver.com/domestic/stock/185750"", ""A185750"")","=HYPERLINK(""http://comp.fnguide.com/SVO2/ASP/SVD_Consensus.asp?pGB=1&gicode=A185750&cID=&MenuYn=Y&ReportGB=&NewMenuID=108&stkGb=701"", ""종근당"")",3,71700,-0.44,14.76,93832,84420,81125,30.87,17.74,13.15,13.27,True,0,5615.0,4564.0,-18.7,"[15397.0, 7902.0, 5615.0, 4564.0]","[-48.7, -28.9, -18.7]",-33.31535597877047,8.8,"[89.5, 162.5, -48.7, -28.9, 8.8]",14.569990386070764,9897.0,32363,"[8157.0, 8940.0, 10038.0, nan]",40.15,"[29.56, 12.76, 8.17, 6.28]","[8.12, 11.26, 14.76, 15.71]",16924.0,806.0,626712.0,0.6,True
A003090,대웅,"=HYPERLINK(""https://stock.naver.com/domestic/stock/003090"", ""A003090"")","=HYPERLINK(""http://comp.fnguide.com/SVO2/ASP/SVD_Consensus.asp?pGB=1&gicode=A003090&cID=&MenuYn=Y&ReportGB=&NewMenuID=108&stkGb=701"", ""대웅"")",3,16610,0.0,7.32,34078,31034,29969,105.17,86.84,80.43,12.94,True,0,3011.0,,,"[2626.0, 996.0, 3011.0, nan]","[-62.1, 202.3, nan]",0.0,34.8,"[30.3, 48.9, -62.1, 202.4, 34.8]",24.551797771455377,9657.0,109718,"[9348.0, 9965.0, 11766.0, nan]",38.04,"[17.31, 5.99, 16.11, nan]","[7.86, 21.7, 7.32, nan]",20684.0,2618.0,16669850.0,0.91,True
A009450,경동나비엔,"=HYPERLINK(""https://stock.naver.com/domestic/stock/009450"", ""A009450"")","=HYPERLINK(""http://comp.fnguide.com/SVO2/ASP/SVD_Consensus.asp?pGB=1&gicode=A009450&cID=&MenuYn=Y&ReportGB=&NewMenuID=108&stkGb=701"", ""경동나비엔"")",1,64600,0.33,9.01,74802,63340,59329,15.79,-1.95,-8.16,15.11,True,1,6157.0,11851.0,92.5,"[5707.0, 8535.0, 6157.0, 11851.0]","[49.6, -27.9, 92.5]",27.57508431472868,52.2,"[-36.9, 55.2, 49.5, -27.9, 52.2]",9.946760367496378,9411.0,36947,"[5846.0, 6954.0, 7705.0, 9318.0]",57.61,"[15.09, 19.43, 12.24, 20.28]","[8.27, 10.29, 9.01, 5.45]",15022.0,1434.0,115660.0,1.35,True
A137400,피엔티,"=HYPERLINK(""https://stock.naver.com/domestic/stock/137400"", ""A137400"")","=HYPERLINK(""http://comp.fnguide.com/SVO2/ASP/SVD_Consensus.asp?pGB=1&gicode=A137400&cID=&MenuYn=Y&ReportGB=&NewMenuID=108&stkGb=701"", ""피엔티"")",2,38400,0.0,13.01,49305,38867,35213,28.4,1.22,-8.3,17.86,True,0,2890.0,,,"[2809.0, 5519.0, 2890.0, nan]","[96.5, -47.6, nan]",0.0,105.9,"[12.5, 6.2, 96.5, -47.6, 105.9]",20.427437536037594,9097.0,173558,"[4557.0, 6150.0, 6929.0, nan]",16.09,"[20.01, 26.52, 11.37, nan]","[17.94, 6.86, 13.01, nan]",7449.0,956.0,386129.0,0.53,True
A192400,쿠쿠홀딩스,"=HYPERLINK(""https://stock.naver.com/domestic/stock/192400"", ""A192400"")","=HYPERLINK(""http://comp.fnguide.com/SVO2/ASP/SVD_Consensus.asp?pGB=1&gicode=A192400&cID=&MenuYn=Y&ReportGB=&NewMenuID=108&stkGb=701"", ""쿠쿠홀딩스"")",3,23600,0.0,7.08,47095,44659,43807,99.56,89.24,85.62,11.93,True,0,4094.0,,,"[3659.0, 3861.0, 4094.0, nan]","[5.5, 6.0, nan]",0.0,18.1,"[-9.8, 11.5, 5.5, 6.0, 18.1]",5.84197264666475,8393.0,27038,"[10777.0, 11964.0, 13217.0, nan]",64.86,"[12.72, 12.08, 11.56, nan]","[4.48, 5.96, 7.08, nan]",9209.0,1140.0,4483800.0,5.34,True
A036830,솔브레인홀딩스,"=HYPERLINK(""https://stock.naver.com/domestic/stock/036830"", ""A036830"")","=HYPERLINK(""http://comp.fnguide.com/SVO2/ASP/SVD_Consensus.asp?pGB=1&gicode=A036830&cID=&MenuYn=Y&ReportGB=&NewMenuID=108&stkGb=701"", ""솔브레인홀딩스"")",3,40800,0.0,1.6,148463,114552,102682,263.88,180.76,151.67,18.84,False,0,23248.0,,,"[4342.0, 2796.0, 23248.0, nan]","[-35.6, 731.5, nan]",0.0,95.7,"[104.1, 41.8, -35.6, 731.5, 95.7]",97.86621055024895,8366.0,81503,"[12373.0, 13050.0, 17354.0, nan]",77.27,"[7.63, 4.61, 32.06, nan]","[10.21, 12.91, 1.6, nan]",5566.0,-34.0,58000.0,1.34,True
A033100,제룡전기,"=HYPERLINK(""https://stock.naver.com/domestic/stock/033100"", ""A033100"")","=HYPERLINK(""http://comp.fnguide.com/SVO2/ASP/SVD_Consensus.asp?pGB=1&gicode=A033100&cID=&MenuYn=Y&ReportGB=&NewMenuID=108&stkGb=701"", ""제룡전기"")",1,47700,0.0,9.6,54841,33539,26083,14.97,-29.69,-45.32,39.64,False,0,3655.0,,,"[3510.0, 4976.0, 3655.0, nan]","[41.8, -26.5, nan]",0.0,-45.3,"[963.5, 351.8, 41.8, -26.5, -45.3]",93.87728234620553,7662.0,171688,"[1248.0, 1967.0, 2393.0, nan]",33.13,"[57.64, 49.72, 26.93, nan]","[5.71, 9.23, 9.6, nan]",2240.0,670.0,,3.13,True
A071320,지역난방공사,"=HYPERLINK(""https://stock.naver.com/domestic/stock/071320"", ""A071320"")","=HYPERLINK(""http://comp.fnguide.com/SVO2/ASP/SVD_Consensus.asp?pGB=1&gicode=A071320&cID=&MenuYn=Y&ReportGB=&NewMenuID=108&stkGb=701"", ""지역난방공사"")",3,65600,0.63,3.29,228996,212871,207227,249.08,224.5,215.89,12.41,True,0,29268.0,20089.0,-31.4,"[17222.0, 18151.0, 29268.0, 20089.0]","[5.4, 61.2, -31.4]",5.23896978947147,-7.4,"[nan, nan, 5.4, 61.3, -7.4]",0.0,7596.0,22472,"[20885.0, 22671.0, 23014.0, 23397.0]",64.63,"[10.63, 9.65, 14.84, 10.02]","[1.42, 2.28, 3.29, 3.27]",39982.0,5296.0,,6.39,True
A025540,한국단자,"=HYPERLINK(""https://stock.naver.com/domestic/stock/025540"", ""A025540"")","=HYPERLINK(""http://comp.fnguide.com/SVO2/ASP/SVD_Consensus.asp?pGB=1&gicode=A025540&cID=&MenuYn=Y&ReportGB=&NewMenuID=108&stkGb=701"", ""한국단자"")",3,70700,0.31,6.48,115185,114995,114929,62.92,62.65,62.56,10.8,True,1,10383.0,12348.0,18.9,"[7000.0, 13654.0, 10383.0, 12348.0]","[95.1, -24.0, 18.9]",20.804813376322826,34.0,"[-22.6, 49.7, 95.1, -24.0, 34.0]",18.148356349347196,7151.0,22493,"[9319.0, 10761.0, 11615.0, 12540.0]",38.43,"[8.09, 14.16, 9.47, 10.34]","[10.71, 4.9, 6.48, 5.73]",14429.0,1393.0,,4.75,True
A032190,다우데이타,"=HYPERLINK(""https://stock.naver.com/domestic/stock/032190"", ""A032190"")","=HYPERLINK(""http://comp.fnguide.com/SVO2/ASP/SVD_Consensus.asp?pGB=1&gicode=A032190&cID=&MenuYn=Y&ReportGB=&NewMenuID=108&stkGb=701"", ""다우데이타"")",3,17980,0.0,3.22,49250,45409,44064,173.92,152.55,145.07,12.62,True,0,5713.0,,,"[1660.0, 4290.0, 5713.0, nan]","[158.4, 33.2, nan]",0.0,82.4,"[38.6, -68.8, 158.5, 33.2, 82.4]",22.11850701721445,6886.0,108776,"[11797.0, 13555.0, 16104.0, nan]",63.29,"[5.49, 12.96, 14.76, nan]","[8.3, 2.37, 3.22, nan]",180520.0,15999.0,,2.99,True
A009240,한샘,"=HYPERLINK(""https://stock.naver.com/domestic/stock/009240"", ""A009240"")","=HYPERLINK(""http://comp.fnguide.com/SVO2/ASP/SVD_Consensus.asp?pGB=1&gicode=A009240&cID=&MenuYn=Y&ReportGB=&NewMenuID=108&stkGb=701"", ""한샘"")",3,28550,0.0,23.47,46278,34442,30299,62.1,20.64,6.12,20.7,False,0,1967.0,1109.0,-43.6,"[-2641.0, 6422.0, 1967.0, 1109.0]","[-343.2, -69.4, -43.6]",0.0,-72.6,"[nan, nan, nan, -69.4, -72.6]",0.0,6719.0,43105,"[3428.0, 3507.0, 3998.0, 4161.0]",35.96,"[-15.77, 43.59, 12.33, 6.4]","[nan, 7.4, 23.47, 25.74]",17445.0,185.0,6933606.0,,True
A037460,삼지전자,"=HYPERLINK(""https://stock.naver.com/domestic/stock/037460"", ""A037460"")","=HYPERLINK(""http://comp.fnguide.com/SVO2/ASP/SVD_Consensus.asp?pGB=1&gicode=A037460&cID=&MenuYn=Y&ReportGB=&NewMenuID=108&stkGb=701"", ""삼지전자"")",2,41000,0.0,3.18,49054,41127,38353,19.64,0.31,-6.46,15.45,False,0,4636.0,,,"[1939.0, 3771.0, 4636.0, nan]","[94.5, 22.9, nan]",0.0,1113.7,"[57.3, -34.2, 94.5, 23.0, 1113.7]",97.50501929847735,6691.0,153844,"[3477.0, 4113.0, 4844.0, nan]",46.12,"[9.62, 16.21, 16.89, nan]","[4.38, 2.29, 3.18, nan]",42911.0,1624.0,2151015.0,3.73,True
A100840,SNT에너지,"=HYPERLINK(""https://stock.naver.com/domestic/stock/100840"", ""A100840"")","=HYPERLINK(""http://comp.fnguide.com/SVO2/ASP/SVD_Consensus.asp?pGB=1&gicode=A100840&cID=&MenuYn=Y&ReportGB=&NewMenuID=108&stkGb=701"", ""SNT에너지"")",1,30700,0.14,8.97,30770,24203,21904,0.23,-21.16,-28.65,17.96,True,3,4080.0,4939.0,21.1,"[1099.0, 1675.0, 4080.0, 4939.0]","[52.4, 143.6, 21.1]",65.04490854734625,217.6,"[50.4, 20.9, 52.4, 143.6, 217.6]",84.60496459777482,6349.0,230720,"[2760.0, 3063.0, 3647.0, 4466.0]",52.32,"[8.49, 11.9, 25.15, 25.18]","[7.27, 14.27, 8.97, 6.22]",6061.0,1113.0,919675.0,3.14,True
A005180,빙그레,"=HYPERLINK(""https://stock.naver.com/domestic/stock/005180"", ""A005180"")","=HYPERLINK(""http://comp.fnguide.com/SVO2/ASP/SVD_Consensus.asp?pGB=1&gicode=A005180&cID=&MenuYn=Y&ReportGB=&NewMenuID=108&stkGb=701"", ""빙그레"")",3,66400,-21.98,12.94,87456,85678,85056,31.71,29.03,28.1,11.2,True,1,5757.0,8606.0,49.5,"[8752.0, 10479.0, 5757.0, 8606.0]","[19.7, -45.1, 49.5]",-0.5886673258576725,-1.7,"[nan, 235.7, 19.7, -45.1, -1.7]",0.0,6155.0,28421,"[6416.0, 7218.0, 7438.0, 7927.0]",43.46,"[14.16, 15.14, 7.58, 10.46]","[6.25, 7.77, 12.94, 7.72]",14896.0,884.0,427230.0,4.43,True
A317450,명인제약,"=HYPERLINK(""https://stock.naver.com/domestic/stock/317450"", ""A317450"")","=HYPERLINK(""http://comp.fnguide.com/SVO2/ASP/SVD_Consensus.asp?pGB=1&gicode=A317450&cID=&MenuYn=Y&ReportGB=&NewMenuID=108&stkGb=701"", ""명인제약"")",3,41500,0.0,10.26,68060,60781,58233,64.0,46.46,40.32,13.47,True,0,6718.0,,,"[6653.0, 6131.0, 6718.0, nan]","[-7.8, 9.6, nan]",0.0,-6.4,"[-3.9, 29.7, -7.8, 9.6, -6.4]",3.3465867204580446,6059.0,29431,"[4723.0, 5318.0, 7944.0, nan]",73.47,"[16.63, 13.68, 12.28, nan]","[nan, nan, 10.26, nan]",2873.0,925.0,,2.18,True
A001060,JW중외제약,"=HYPERLINK(""https://stock.naver.com/domestic/stock/001060"", ""A001060"")","=HYPERLINK(""http://comp.fnguide.com/SVO2/ASP/SVD_Consensus.asp?pGB=1&gicode=A001060&cID=&MenuYn=Y&ReportGB=&NewMenuID=108&stkGb=701"", ""JW중외제약"")",1,24450,0.0,10.32,28177,21887,19685,15.25,-10.48,-19.49,18.53,True,0,2470.0,,,"[1478.0, 2606.0, 2470.0, nan]","[76.3, -5.2, nan]",0.0,57.3,"[nan, 15.4, 76.3, -5.2, 57.3]",0.0,5693.0,71438,"[2654.0, 3295.0, 3694.0, nan]",42.87,"[14.63, 21.86, 17.6, nan]","[24.05, 9.21, 10.32, nan]",7753.0,945.0,736412.0,2.55,True
A067160,SOOP,"=HYPERLINK(""https://stock.naver.com/domestic/stock/067160"", ""A067160"")","=HYPERLINK(""http://comp.fnguide.com/SVO2/ASP/SVD_Consensus.asp?pGB=1&gicode=A067160&cID=&MenuYn=Y&ReportGB=&NewMenuID=108&stkGb=701"", ""SOOP"")",3,46650,0.87,7.65,108963,74222,62062,133.58,59.1,33.04,26.78,True,0,8860.0,8343.0,-5.8,"[6489.0, 8805.0, 8860.0, 8343.0]","[35.7, 0.6, -5.8]",8.745069973363218,-2.9,"[-15.9, 24.9, 35.7, 0.6, -2.9]",6.844236134106185,5362.0,53659,"[2912.0, 3789.0, 4670.0, 5386.0]",25.81,"[28.02, 30.21, 24.08, 19.07]","[13.19, 10.32, 7.65, 5.59]",4666.0,1248.0,837863.0,4.99,True
A033500,동성화인텍,"=HYPERLINK(""https://stock.naver.com/domestic/stock/033500"", ""A033500"")","=HYPERLINK(""http://comp.fnguide.com/SVO2/ASP/SVD_Consensus.asp?pGB=1&gicode=A033500&cID=&MenuYn=Y&ReportGB=&NewMenuID=108&stkGb=701"", ""동성화인텍"")",1,17540,0.39,13.6,17859,12946,11226,1.82,-26.19,-36.0,22.24,True,3,1863.0,2458.0,31.9,"[993.0, 1312.0, 1863.0, 2458.0]","[32.1, 42.0, 31.9]",35.25250555980068,89.7,"[-69.0, 250.9, 32.1, 42.0, 89.7]",31.087327943632225,5260.0,262542,"[1710.0, 2024.0, 2589.0, 3213.0]",37.94,"[18.63, 21.07, 24.23, 25.4]","[12.31, 11.37, 13.6, 7.14]",7422.0,726.0,48231.0,1.58,True
A015750,성우하이텍,"=HYPERLINK(""https://stock.naver.com/domestic/stock/015750"", ""A015750"")","=HYPERLINK(""http://comp.fnguide.com/SVO2/ASP/SVD_Consensus.asp?pGB=1&gicode=A015750&cID=&MenuYn=Y&ReportGB=&NewMenuID=108&stkGb=701"", ""성우하이텍"")",3,6290,0.0,3.23,21302,21252,21234,238.67,237.86,237.58,10.82,True,0,2110.0,,,"[2124.0, 1751.0, 2110.0, nan]","[-17.6, 20.5, nan]",0.0,-19.8,"[-13.4, 336.5, -17.6, 20.5, -19.8]",24.657425514933685,5032.0,541615,"[13282.0, 15127.0, 16964.0, nan]",44.87,"[13.63, 9.86, 10.52, nan]","[4.46, 2.84, 3.23, nan]",43827.0,2427.0,8407.0,2.94,True
A035890,서희건설,"=HYPERLINK(""https://stock.naver.com/domestic/stock/035890"", ""A035890"")","=HYPERLINK(""http://comp.fnguide.com/SVO2/ASP/SVD_Consensus.asp?pGB=1&gicode=A035890&cID=&MenuYn=Y&ReportGB=&NewMenuID=108&stkGb=701"", ""서희건설"")",3,2125,0.0,6.03,8019,6860,6454,277.39,222.83,203.73,14.78,True,0,530.0,,,"[615.0, 698.0, 530.0, nan]","[13.5, -24.1, nan]",0.0,11.4,"[-32.4, 44.2, 13.4, -24.0, 11.4]",-1.3164512323355249,4883.0,934871,"[8438.0, 9747.0, 10836.0, nan]",59.84,"[17.85, 17.64, 11.84, nan]","[4.39, 4.51, 6.03, nan]",11001.0,1444.0,44439842.0,3.13,True
A268280,미원에스씨,"=HYPERLINK(""https://stock.naver.com/domestic/stock/268280"", ""A268280"")","=HYPERLINK(""http://comp.fnguide.com/SVO2/ASP/SVD_Consensus.asp?pGB=1&gicode=A268280&cID=&MenuYn=Y&ReportGB=&NewMenuID=108&stkGb=701"", ""미원에스씨"")",3,96300,0.0,11.44,109520,100793,97739,13.73,4.67,1.49,12.66,False,0,12261.0,,,"[3681.0, 10913.0, 12261.0, nan]","[196.5, 12.4, nan]",0.0,31.2,"[-18.9, -71.0, 196.5, 12.3, 31.2]",0.5429047728179759,4815.0,2247,"[3731.0, 4063.0, 4485.0, nan]",73.54,"[4.95, 14.0, 14.34, nan]","[37.33, 13.71, 11.44, nan]",5321.0,655.0,185569.0,2.28,True
A284740,쿠쿠홈시스,"=HYPERLINK(""https://stock.naver.com/domestic/stock/284740"", ""A284740"")","=HYPERLINK(""http://comp.fnguide.com/SVO2/ASP/SVD_Consensus.asp?pGB=1&gicode=A284740&cID=&MenuYn=Y&ReportGB=&NewMenuID=108&stkGb=701"", ""쿠쿠홈시스"")",3,21300,0.0,4.52,58933,53300,51329,176.68,150.24,140.98,13.12,True,0,5327.0,,,"[4990.0, 5662.0, 5327.0, nan]","[13.5, -5.9, nan]",0.0,14.2,"[0.7, -2.4, 13.5, -5.9, 14.2]",3.692220670123847,4779.0,17293,"[8069.0, 9584.0, 10846.0, nan]",70.09,"[14.85, 14.39, 11.7, nan]","[4.3, 3.65, 4.52, nan]",11213.0,1694.0,14950.0,4.99,True
A211050,인카금융서비스,"=HYPERLINK(""https://stock.naver.com/domestic/stock/211050"", ""A211050"")","=HYPERLINK(""http://comp.fnguide.com/SVO2/ASP/SVD_Consensus.asp?pGB=1&gicode=A211050&cID=&MenuYn=Y&ReportGB=&NewMenuID=108&stkGb=701"", ""인카금융서비스"")",2,8850,0.2,9.08,17320,10425,8011,95.71,17.8,-9.48,42.48,False,3,1410.0,1744.0,23.7,"[574.0, 1207.0, 1410.0, 1744.0]","[110.3, 16.8, 23.7]",44.83847328866011,48.3,"[12.5, 40.0, 110.2, 16.8, 48.3]",41.80758229818649,4360.0,197058,"[967.0, 1483.0, 2163.0, nan]",43.95,"[34.68, 50.62, 39.66, 39.72]","[5.52, 4.65, 9.08, 5.08]",10218.0,948.0,3100.0,2.89,True
A041190,우리기술투자,"=HYPERLINK(""https://stock.naver.com/domestic/stock/041190"", ""A041190"")","=HYPERLINK(""http://comp.fnguide.com/SVO2/ASP/SVD_Consensus.asp?pGB=1&gicode=A041190&cID=&MenuYn=Y&ReportGB=&NewMenuID=108&stkGb=701"", ""우리기술투자"")",3,5160,0.0,5.59,18867,14122,12461,265.63,173.68,141.5,20.38,False,0,1316.0,,,"[1452.0, 1759.0, 1316.0, nan]","[21.1, -25.2, nan]",0.0,,[],51.0157099124823,4334.0,1232750,"[5211.0, 6662.0, 7764.0, nan]",30.91,"[26.51, 24.89, 15.33, nan]","[4.43, 3.93, 5.59, nan]",1489.0,1381.0,6128844.0,,True
A009900,명신산업,"=HYPERLINK(""https://stock.naver.com/domestic/stock/009900"", ""A009900"")","=HYPERLINK(""http://comp.fnguide.com/SVO2/ASP/SVD_Consensus.asp?pGB=1&gicode=A009900&cID=&MenuYn=Y&ReportGB=&NewMenuID=108&stkGb=701"", ""명신산업"")",3,7980,-0.46,6.89,23034,18433,16822,188.65,130.99,110.8,17.22,True,1,1302.0,1798.0,38.1,"[2909.0, 2460.0, 1302.0, 1798.0]","[-15.4, -47.1, 38.1]",-14.81955500697646,30.0,"[89.1, 78.1, -15.4, -47.1, 30.0]",14.399721485841145,4187.0,201526,"[5352.0, 6975.0, 7559.0, 8795.0]",45.45,"[33.22, 20.95, 9.4, 11.54]","[6.53, 4.19, 6.89, 4.44]",16192.0,1026.0,,1.11,True
A340570,티앤엘,"=HYPERLINK(""https://stock.naver.com/domestic/stock/340570"", ""A340570"")","=HYPERLINK(""http://comp.fnguide.com/SVO2/ASP/SVD_Consensus.asp?pGB=1&gicode=A340570&cID=&MenuYn=Y&ReportGB=&NewMenuID=108&stkGb=701"", ""티앤엘"")",1,51300,0.44,10.47,56814,39898,33978,10.75,-22.23,-33.77,24.38,False,1,4684.0,6385.0,36.3,"[3376.0, 5710.0, 4684.0, 6385.0]","[69.1, -18.0, 36.3]",23.637753484887234,3.7,"[7.8, 29.9, 69.1, -18.0, 3.7]",15.025154601710987,4170.0,41902,"[1296.0, 1714.0, 2012.0, 2454.0]",42.7,"[23.29, 30.84, 20.44, 23.24]","[11.85, 11.72, 10.47, 8.03]",1642.0,464.0,110869.0,3.06,True
A010690,화신,"=HYPERLINK(""https://stock.naver.com/domestic/stock/010690"", ""A010690"")","=HYPERLINK(""http://comp.fnguide.com/SVO2/ASP/SVD_Consensus.asp?pGB=1&gicode=A010690&cID=&MenuYn=Y&ReportGB=&NewMenuID=108&stkGb=701"", ""화신"")",3,11490,0.99,4.35,19920,18066,17417,73.37,57.23,51.59,13.05,True,2,1910.0,2520.0,31.9,"[2213.0, 1534.0, 1910.0, 2520.0]","[-30.7, 24.5, 31.9]",4.403676875390561,-2.8,"[204.4, 4.1, -30.7, 24.5, -2.8]",21.588596583096887,4012.0,4955132,"[4451.0, 5175.0, 5714.0, 6520.0]",50.41,"[19.27, 11.13, 12.25, 14.39]","[6.18, 4.45, 4.35, 4.56]",19625.0,1024.0,171969.0,2.05,True
A018290,브이티,"=HYPERLINK(""https://stock.naver.com/domestic/stock/018290"", ""A018290"")","=HYPERLINK(""http://comp.fnguide.com/SVO2/ASP/SVD_Consensus.asp?pGB=1&gicode=A018290&cID=&MenuYn=Y&ReportGB=&NewMenuID=108&stkGb=701"", ""브이티"")",3,11380,0.47,10.22,23514,14706,11623,106.63,29.23,2.14,36.19,True,0,1713.0,1397.0,-18.4,"[776.0, 2739.0, 1713.0, 1397.0]","[253.0, -37.5, -18.4]",21.6507975382755,-16.2,"[-25.2, 139.9, 253.2, -37.5, -16.2]",27.120418902886655,3976.0,207482,"[1172.0, 2325.0, 2424.0, 3010.0]",39.25,"[28.0, 56.07, 25.66, 17.96]","[21.04, 14.6, 10.22, 8.15]",4372.0,829.0,305480.0,,True
A101160,월덱스,"=HYPERLINK(""https://stock.naver.com/domestic/stock/101160"", ""A101160"")","=HYPERLINK(""http://comp.fnguide.com/SVO2/ASP/SVD_Consensus.asp?pGB=1&gicode=A101160&cID=&MenuYn=Y&ReportGB=&NewMenuID=108&stkGb=701"", ""월덱스"")",3,23300,0.0,8.68,35880,27940,25161,53.99,19.91,7.99,18.41,False,0,2482.0,,,"[3261.0, 3939.0, 2482.0, nan]","[20.8, -37.0, nan]",0.0,47.4,"[24.1, 29.7, 20.8, -37.0, 47.4]",12.54425871020024,3847.0,121317,"[2395.0, 3075.0, 3466.0, nan]",35.07,"[25.3, 23.78, 12.53, nan]","[7.85, 4.3, 8.68, nan]",2918.0,585.0,,0.46,True
A013030,하이록코리아,"=HYPERLINK(""https://stock.naver.com/domestic/stock/013030"", ""A013030"")","=HYPERLINK(""http://comp.fnguide.com/SVO2/ASP/SVD_Consensus.asp?pGB=1&gicode=A013030&cID=&MenuYn=Y&ReportGB=&NewMenuID=108&stkGb=701"", ""하이록코리아"")",3,32200,1.3,7.43,41194,39817,39336,27.93,23.66,22.16,11.49,True,3,4141.0,4320.0,4.3,"[3655.0, 3718.0, 4141.0, 4320.0]","[1.7, 11.4, 4.3]",5.7215408219469355,37.3,"[73.9, 46.9, 1.7, 11.4, 37.3]",31.776998624320328,3789.0,43595,"[4035.0, 4317.0, 4544.0, 4940.0]",39.73,"[12.13, 11.38, 11.35, 10.72]","[7.29, 6.76, 7.43, 7.45]",2146.0,589.0,,4.39,True
A215200,메가스터디교육,"=HYPERLINK(""https://stock.naver.com/domestic/stock/215200"", ""A215200"")","=HYPERLINK(""http://comp.fnguide.com/SVO2/ASP/SVD_Consensus.asp?pGB=1&gicode=A215200&cID=&MenuYn=Y&ReportGB=&NewMenuID=108&stkGb=701"", ""메가스터디교육"")",3,36500,1.34,5.33,70661,58583,54355,93.59,60.5,48.92,15.85,False,2,7903.0,8992.0,13.8,"[8006.0, 3991.0, 7903.0, 8992.0]","[-50.1, 98.0, 13.8]",3.9846735304053027,13.4,"[27.6, -8.3, -50.1, 98.0, 13.4]",5.564953344894286,3783.0,94060,"[4774.0, 4488.0, 4971.0, 5592.0]",41.21,"[21.07, 9.97, 18.03, 17.65]","[7.58, 10.97, 5.33, 4.06]",8849.0,1210.0,11960.0,7.12,True
A012030,DB,"=HYPERLINK(""https://stock.naver.com/domestic/stock/012030"", ""A012030"")","=HYPERLINK(""http://comp.fnguide.com/SVO2/ASP/SVD_Consensus.asp?pGB=1&gicode=A012030&cID=&MenuYn=Y&ReportGB=&NewMenuID=108&stkGb=701"", ""DB"")",3,1724,0.0,6.03,3195,2745,2588,85.34,59.24,50.1,14.63,True,0,244.0,,,"[101.0, 459.0, 244.0, nan]","[354.5, -46.8, nan]",0.0,39.7,"[-73.7, 254.9, 355.3, -46.7, 39.7]",25.908950130121376,3468.0,944683,"[3949.0, 3935.0, 4492.0, nan]",43.82,"[5.96, 23.42, 11.67, nan]","[17.19, 2.84, 6.03, nan]",6435.0,416.0,10143400.0,,True
A097520,엠씨넥스,"=HYPERLINK(""https://stock.naver.com/domestic/stock/097520"", ""A097520"")","=HYPERLINK(""http://comp.fnguide.com/SVO2/ASP/SVD_Consensus.asp?pGB=1&gicode=A097520&cID=&MenuYn=Y&ReportGB=&NewMenuID=108&stkGb=701"", ""엠씨넥스"")",3,19280,0.54,10.03,31684,27450,25969,64.33,42.38,34.69,14.37,True,0,2877.0,2583.0,-10.2,"[1553.0, 3538.0, 2877.0, 2583.0]","[127.8, -18.7, -10.2]",18.47867828384231,-24.8,"[-42.1, 21.5, 127.8, -18.7, -24.8]",-0.40824409003704654,3355.0,116224,"[3236.0, 3722.0, 3855.0, 4121.0]",31.03,"[8.83, 18.28, 13.61, 11.27]","[19.48, 5.42, 10.03, 7.47]",12792.0,520.0,1167328.0,3.47,True
A243070,휴온스,"=HYPERLINK(""https://stock.naver.com/domestic/stock/243070"", ""A243070"")","=HYPERLINK(""http://comp.fnguide.com/SVO2/ASP/SVD_Consensus.asp?pGB=1&gicode=A243070&cID=&MenuYn=Y&ReportGB=&NewMenuID=108&stkGb=701"", ""휴온스"")",3,26850,0.0,7.69,34612,33267,32796,28.91,23.9,22.15,11.62,False,0,3561.0,,,"[4213.0, 2459.0, 3561.0, nan]","[-41.6, 44.8, nan]",0.0,-97.2,"[-27.0, 124.1, -41.6, 44.8, -97.2]",-47.80596993463004,3217.0,43833,"[3254.0, 3460.0, 3739.0, nan]",44.82,"[16.61, 8.77, 11.85, nan]","[9.11, 11.14, 7.69, nan]",6208.0,456.0,327900.0,3.36,True
A011760,현대코퍼레이션,"=HYPERLINK(""https://stock.naver.com/domestic/stock/011760"", ""A011760"")","=HYPERLINK(""http://comp.fnguide.com/SVO2/ASP/SVD_Consensus.asp?pGB=1&gicode=A011760&cID=&MenuYn=Y&ReportGB=&NewMenuID=108&stkGb=701"", ""현대코퍼레이션"")",3,23650,0.46,3.28,84518,70201,65190,257.37,196.83,175.64,15.78,True,1,6561.0,7761.0,18.3,"[6326.0, 9152.0, 6561.0, 7761.0]","[44.7, -28.3, 18.3]",7.067454395214767,-53.6,"[108.3, 6.3, 44.7, -28.3, -53.6]",1.2851184581679442,3129.0,44728,"[5774.0, 6520.0, 6927.0, 7918.0]",27.12,"[16.57, 19.7, 12.91, 13.83]","[2.98, 2.09, 3.28, 3.05]",75543.0,1401.0,1218000.0,3.25,True
A265520,AP시스템,"=HYPERLINK(""https://stock.naver.com/domestic/stock/265520"", ""A265520"")","=HYPERLINK(""http://comp.fnguide.com/SVO2/ASP/SVD_Consensus.asp?pGB=1&gicode=A265520&cID=&MenuYn=Y&ReportGB=&NewMenuID=108&stkGb=701"", ""AP시스템"")",3,20700,0.0,12.38,27801,26270,25734,34.3,26.91,24.32,12.01,True,0,1565.0,,,"[3929.0, 3389.0, 1565.0, nan]","[-13.7, -53.8, nan]",0.0,247.5,"[43.9, -27.0, -13.7, -53.8, 247.5]",7.794908162445724,3116.0,88255,"[3214.0, 3365.0, 3676.0, nan]",25.57,"[20.3, 15.74, 6.76, nan]","[5.68, 4.65, 12.38, nan]",4601.0,333.0,305887.0,1.76,True
A200880,서연이화,"=HYPERLINK(""https://stock.naver.com/domestic/stock/200880"", ""A200880"")","=HYPERLINK(""http://comp.fnguide.com/SVO2/ASP/SVD_Consensus.asp?pGB=1&gicode=A200880&cID=&MenuYn=Y&ReportGB=&NewMenuID=108&stkGb=701"", ""서연이화"")",3,11500,0.0,5.86,43778,43549,43469,280.68,278.69,277.99,10.88,True,0,2220.0,,,"[5837.0, 5450.0, 2220.0, nan]","[-6.6, -59.3, nan]",0.0,188.2,"[111.8, 183.4, -6.6, -59.3, 188.2]",45.74451277669227,3108.0,105858,"[8816.0, 10998.0, 11714.0, nan]",57.06,"[19.68, 14.87, 5.28, nan]","[3.29, 2.16, 5.86, nan]",45053.0,1618.0,5686.0,1.92,True
A092460,한라IMS,"=HYPERLINK(""https://stock.naver.com/domestic/stock/092460"", ""A092460"")","=HYPERLINK(""http://comp.fnguide.com/SVO2/ASP/SVD_Consensus.asp?pGB=1&gicode=A092460&cID=&MenuYn=Y&ReportGB=&NewMenuID=108&stkGb=701"", ""한라IMS"")",1,17760,0.0,11.41,20295,15665,14044,14.28,-11.8,-20.92,18.82,True,0,1490.0,,,"[4130.0, 802.0, 1490.0, nan]","[-80.6, 85.8, nan]",0.0,17.7,"[99.4, 788.2, -80.6, 85.8, 17.7]",49.68282290974844,3039.0,109507,"[1623.0, 1717.0, 1987.0, nan]",55.47,"[55.21, 8.22, 13.76, nan]","[1.61, 10.16, 11.41, nan]",1335.0,223.0,,3.65,True
A119850,지엔씨에너지,"=HYPERLINK(""https://stock.naver.com/domestic/stock/119850"", ""A119850"")","=HYPERLINK(""http://comp.fnguide.com/SVO2/ASP/SVD_Consensus.asp?pGB=1&gicode=A119850&cID=&MenuYn=Y&ReportGB=&NewMenuID=108&stkGb=701"", ""지엔씨에너지"")",2,18350,0.0,12.73,26854,19750,17263,46.34,7.63,-5.92,21.37,False,0,2428.0,,,"[692.0, 2340.0, 2428.0, nan]","[238.2, 3.8, nan]",0.0,-5.6,"[519.8, -58.4, 237.9, 3.8, -5.6]",53.55377171923941,3018.0,119195,"[1206.0, 1589.0, 2188.0, nan]",33.55,"[9.7, 27.54, 21.15, nan]","[6.15, 3.51, 12.73, nan]",2626.0,494.0,280867.0,0.49,True
A484590,삼양컴텍,"=HYPERLINK(""https://stock.naver.com/domestic/stock/484590"", ""A484590"")","=HYPERLINK(""http://comp.fnguide.com/SVO2/ASP/SVD_Consensus.asp?pGB=1&gicode=A484590&cID=&MenuYn=Y&ReportGB=&NewMenuID=108&stkGb=701"", ""삼양컴텍"")",1,7260,0.0,19.99,8092,5802,5000,11.46,-20.08,-31.13,22.95,True,0,640.0,,,"[288.0, 515.0, 640.0, nan]","[78.8, 24.3, nan]",0.0,-52.4,"[nan, nan, 78.8, 24.2, -52.4]",0.0,2992.0,119422,"[371.0, 534.0, 1565.0, nan]",44.69,"[0, 36.45, 21.6, nan, nan]","[nan, nan, 19.99, nan]",1546.0,266.0,,,True
A064820,케이프,"=HYPERLINK(""https://stock.naver.com/domestic/stock/064820"", ""A064820"")","=HYPERLINK(""http://comp.fnguide.com/SVO2/ASP/SVD_Consensus.asp?pGB=1&gicode=A064820&cID=&MenuYn=Y&ReportGB=&NewMenuID=108&stkGb=701"", ""케이프"")",3,9600,0.0,5.18,14568,12007,11111,51.75,25.08,15.74,16.07,True,0,1922.0,,,"[787.0, 508.0, 1922.0, nan]","[-35.5, 278.3, nan]",0.0,1957.2,"[-99.2, 10564.4, -35.5, 278.4, 1957.2]",112.01312832578228,2963.0,88600,"[2082.0, 2124.0, 3014.0, nan]",30.75,"[12.11, 7.46, 23.12, nan]","[5.46, 11.3, 5.18, nan]",5798.0,500.0,,7.04,True
A194370,제이에스코퍼레이션,"=HYPERLINK(""https://stock.naver.com/domestic/stock/194370"", ""A194370"")","=HYPERLINK(""http://comp.fnguide.com/SVO2/ASP/SVD_Consensus.asp?pGB=1&gicode=A194370&cID=&MenuYn=Y&ReportGB=&NewMenuID=108&stkGb=701"", ""제이에스코퍼레이션"")",3,9820,-0.98,4.86,36135,26557,23204,267.97,170.44,136.3,21.41,True,1,2638.0,3536.0,34.0,"[4116.0, 3561.0, 2638.0, 3536.0]","[-13.5, -25.9, 34.0]",-4.943962885357611,-3.0,"[33.8, 69.9, -13.5, -25.9, -3.0]",7.164541059792895,2849.0,155141,"[3581.0, 4743.0, 5274.0, 6126.0]",56.18,"[35.78, 23.41, 15.29, 18.0]","[2.1, 1.99, 4.86, 2.78]",12882.0,1405.0,,4.68,True
A025770,한국정보통신,"=HYPERLINK(""https://stock.naver.com/domestic/stock/025770"", ""A025770"")","=HYPERLINK(""http://comp.fnguide.com/SVO2/ASP/SVD_Consensus.asp?pGB=1&gicode=A025770&cID=&MenuYn=Y&ReportGB=&NewMenuID=108&stkGb=701"", ""한국정보통신"")",3,7470,0.0,7.84,11245,10343,10028,50.53,38.47,34.24,12.68,True,0,978.0,,,"[804.0, 1164.0, 978.0, nan]","[44.8, -16.0, nan]",0.0,0.8,"[102.6, 37.8, 44.8, -16.0, 0.8]",27.902610258497695,2797.0,244177,"[2712.0, 3064.0, 3358.0, nan]",82.99,"[11.67, 15.09, 11.4, nan]","[11.81, 6.74, 7.84, nan]",8363.0,452.0,2299077.0,3.79,True
A236200,슈프리마,"=HYPERLINK(""https://stock.naver.com/domestic/stock/236200"", ""A236200"")","=HYPERLINK(""http://comp.fnguide.com/SVO2/ASP/SVD_Consensus.asp?pGB=1&gicode=A236200&cID=&MenuYn=Y&ReportGB=&NewMenuID=108&stkGb=701"", ""슈프리마"")",3,40100,0.43,8.74,48469,43596,41891,20.87,8.72,4.47,13.27,False,1,4474.0,5570.0,24.5,"[3191.0, 4516.0, 4474.0, 5570.0]","[41.5, -0.9, 24.5]",20.411088375320308,25.5,"[-21.1, 28.5, 41.5, -0.9, 25.5]",12.276997486780816,2797.0,44946,"[2041.0, 2367.0, 2711.0, nan]",33.92,"[11.9, 14.74, 12.75, 14.38]","[6.53, 5.39, 8.74, 7.2]",1373.0,327.0,81833.0,,True
A036890,진성티이씨,"=HYPERLINK(""https://stock.naver.com/domestic/stock/036890"", ""A036890"")","=HYPERLINK(""http://comp.fnguide.com/SVO2/ASP/SVD_Consensus.asp?pGB=1&gicode=A036890&cID=&MenuYn=Y&ReportGB=&NewMenuID=108&stkGb=701"", ""진성티이씨"")",3,12630,0.97,9.24,14744,14722,14714,16.74,16.56,16.5,10.8,True,2,1461.0,1659.0,13.6,"[1264.0, 932.0, 1461.0, 1659.0]","[-26.3, 56.8, 13.6]",9.495757527645265,114.8,"[166.0, -37.5, -26.2, 56.8, 114.8]",32.81271972751445,2783.0,155038,"[2321.0, 2623.0, 2975.0, 3235.0]",37.28,"[12.86, 8.48, 11.66, 11.77]","[8.39, 9.41, 9.24, 7.61]",4638.0,479.0,1798343.0,2.44,True
A200670,휴메딕스,"=HYPERLINK(""https://stock.naver.com/domestic/stock/200670"", ""A200670"")","=HYPERLINK(""http://comp.fnguide.com/SVO2/ASP/SVD_Consensus.asp?pGB=1&gicode=A200670&cID=&MenuYn=Y&ReportGB=&NewMenuID=108&stkGb=701"", ""휴메딕스"")",3,24400,0.0,8.75,46107,35914,32346,88.96,47.19,32.57,18.39,False,0,4611.0,,,"[2210.0, 3496.0, 4611.0, nan]","[58.2, 31.9, nan]",0.0,-3.2,"[109.9, 4.5, 58.2, 31.9, -3.2]",34.67626769467953,2740.0,47355,"[1981.0, 2285.0, 2996.0, nan]",37.52,"[14.72, 18.41, 19.61, nan]","[15.27, 12.09, 8.75, nan]",1701.0,423.0,131489.0,2.28,True
A051500,CJ프레시웨이,"=HYPERLINK(""https://stock.naver.com/domestic/stock/051500"", ""A051500"")","=HYPERLINK(""http://comp.fnguide.com/SVO2/ASP/SVD_Consensus.asp?pGB=1&gicode=A051500&cID=&MenuYn=Y&ReportGB=&NewMenuID=108&stkGb=701"", ""CJ프레시웨이"")",3,23050,1.7,6.34,40047,39138,38821,73.74,69.8,68.42,11.25,True,2,4221.0,5119.0,21.3,"[4589.0, 2184.0, 4221.0, 5119.0]","[-52.4, 93.3, 21.3]",3.728923117742644,95.8,"[84.2, 11.0, -52.4, 93.3, 95.8]",29.793462951986392,2736.0,55442,"[2896.0, 4154.0, 4552.0, 5032.0]",47.95,"[18.24, 7.36, 11.51, 12.68]","[5.2, 7.99, 6.34, 4.5]",34811.0,1017.0,,1.87,True
A036800,나이스정보통신,"=HYPERLINK(""https://stock.naver.com/domestic/stock/036800"", ""A036800"")","=HYPERLINK(""http://comp.fnguide.com/SVO2/ASP/SVD_Consensus.asp?pGB=1&gicode=A036800&cID=&MenuYn=Y&ReportGB=&NewMenuID=108&stkGb=701"", ""나이스정보통신"")",3,26800,0.29,5.91,51788,51120,50887,93.24,90.75,89.88,11.04,True,3,4287.0,5290.0,23.4,"[3028.0, 3830.0, 4287.0, 5290.0]","[26.5, 11.9, 23.4]",20.43293134762132,70.3,"[2.5, -25.7, 26.5, 12.0, 70.3]",12.939841798503071,2680.0,21197,"[3299.0, 3528.0, 3960.0, 4455.0]",42.7,"[9.43, 11.22, 11.45, 11.93]","[7.12, 4.68, 5.91, 5.07]",10947.0,553.0,1264050.0,4.34,True
A096760,JW홀딩스,"=HYPERLINK(""https://stock.naver.com/domestic/stock/096760"", ""A096760"")","=HYPERLINK(""http://comp.fnguide.com/SVO2/ASP/SVD_Consensus.asp?pGB=1&gicode=A096760&cID=&MenuYn=Y&ReportGB=&NewMenuID=108&stkGb=701"", ""JW홀딩스"")",3,3620,0.0,4.54,9438,6463,5421,160.72,78.53,49.76,26.34,True,0,791.0,,,"[257.0, 847.0, 791.0, nan]","[229.6, -6.6, nan]",0.0,103.9,"[nan, -14.1, 229.1, -6.6, 103.9]",0.0,2676.0,111783,"[1240.0, 2295.0, 2670.0, nan]",52.33,"[16.48, 35.43, 23.57, nan]","[13.56, 3.57, 4.54, nan]",9696.0,1679.0,4734115.0,5.99,True
A043150,바텍,"=HYPERLINK(""https://stock.naver.com/domestic/stock/043150"", ""A043150"")","=HYPERLINK(""http://comp.fnguide.com/SVO2/ASP/SVD_Consensus.asp?pGB=1&gicode=A043150&cID=&MenuYn=Y&ReportGB=&NewMenuID=108&stkGb=701"", ""바텍"")",3,17930,-3.63,7.24,33614,33484,33439,87.47,86.75,86.5,10.85,True,1,2701.0,3277.0,21.3,"[3483.0, 3712.0, 2701.0, 3277.0]","[6.6, -27.2, 21.3]",-1.9946475226628957,17.4,"[50.1, -32.7, 6.6, -27.2, 17.4]",-1.6463486797560933,2663.0,31725,"[3986.0, 4534.0, 4957.0, 5386.0]",53.65,"[13.83, 12.94, 8.46, 9.41]","[9.55, 5.09, 7.24, 5.47]",4264.0,548.0,,1.53,True
A092730,네오팜,"=HYPERLINK(""https://stock.naver.com/domestic/stock/092730"", ""A092730"")","=HYPERLINK(""http://comp.fnguide.com/SVO2/ASP/SVD_Consensus.asp?pGB=1&gicode=A092730&cID=&MenuYn=Y&ReportGB=&NewMenuID=108&stkGb=701"", ""네오팜"")",1,16420,1.76,10.58,16933,14565,13736,3.13,-11.3,-16.35,14.6,True,0,1736.0,1726.0,-0.6,"[1448.0, 1439.0, 1736.0, 1726.0]","[-0.6, 20.6, -0.6]",6.016474714761144,20.8,"[7.9, 30.4, -2.2, 21.9, 20.8]",15.17062036214103,2632.0,24529,"[1600.0, 1769.0, 1954.0, nan]",42.34,"[15.36, 13.69, 14.95, 14.16]","[9.14, 8.23, 10.58, 9.51]",1322.0,288.0,386733.0,4.08,True
A054950,제이브이엠,"=HYPERLINK(""https://stock.naver.com/domestic/stock/054950"", ""A054950"")","=HYPERLINK(""http://comp.fnguide.com/SVO2/ASP/SVD_Consensus.asp?pGB=1&gicode=A054950&cID=&MenuYn=Y&ReportGB=&NewMenuID=108&stkGb=701"", ""제이브이엠"")",3,21400,1.23,11.02,26596,23224,22044,24.28,8.52,3.01,14.13,True,1,2345.0,2807.0,19.7,"[2171.0, 2386.0, 2345.0, 2807.0]","[9.9, -1.7, 19.7]",8.94696095312586,-2.4,"[76.0, 66.6, 9.9, -1.7, -2.4]",25.325007294035572,2587.0,50369,"[1795.0, 2023.0, 2339.0, 2540.0]",39.19,"[15.55, 15.11, 13.0, 13.91]","[12.21, 7.99, 11.02, 7.62]",1731.0,333.0,552903.0,2.51,True
A352480,씨앤씨인터내셔널,"=HYPERLINK(""https://stock.naver.com/domestic/stock/352480"", ""A352480"")","=HYPERLINK(""http://comp.fnguide.com/SVO2/ASP/SVD_Consensus.asp?pGB=1&gicode=A352480&cID=&MenuYn=Y&ReportGB=&NewMenuID=108&stkGb=701"", ""씨앤씨인터내셔널"")",3,18780,-0.91,22.32,28311,27135,26723,50.75,44.49,42.29,11.68,True,1,1328.0,1343.0,1.1,"[3137.0, 3240.0, 1328.0, 1343.0]","[3.3, -59.0, 1.1]",-24.627698283380884,-8.0,"[nan, 90.9, 3.3, -59.0, -8.0]",0.0,2560.0,41564,"[1726.0, 2058.0, 3544.0, nan]",75.04,"[20.48, 17.15, 5.1, 5.16]","[19.89, 14.11, 22.32, 13.99]",2885.0,222.0,54120.0,,True
A194700,노바렉스,"=HYPERLINK(""https://stock.naver.com/domestic/stock/194700"", ""A194700"")","=HYPERLINK(""http://comp.fnguide.com/SVO2/ASP/SVD_Consensus.asp?pGB=1&gicode=A194700&cID=&MenuYn=Y&ReportGB=&NewMenuID=108&stkGb=701"", ""노바렉스"")",3,13950,0.0,7.41,17311,15681,15111,24.09,12.41,8.32,13.08,True,0,1888.0,,,"[1175.0, 1227.0, 1888.0, nan]","[4.4, 53.9, nan]",0.0,106.5,"[-26.8, 3.8, 1.1, 56.5, 106.5]",19.94407446470705,2547.0,102208,"[2002.0, 2193.0, 2531.0, nan]",32.02,"[11.56, 10.97, 14.99, nan]","[10.33, 6.11, 7.41, nan]",4043.0,431.0,500000.0,2.86,True
A051360,토비스,"=HYPERLINK(""https://stock.naver.com/domestic/stock/051360"", ""A051360"")","=HYPERLINK(""http://comp.fnguide.com/SVO2/ASP/SVD_Consensus.asp?pGB=1&gicode=A051360&cID=&MenuYn=Y&ReportGB=&NewMenuID=108&stkGb=701"", ""토비스"")",3,16050,0.0,5.82,31811,24856,22421,98.2,54.86,39.7,18.25,False,0,2691.0,,,"[710.0, 3565.0, 2691.0, nan]","[402.1, -24.5, nan]",0.0,89.6,"[nan, nan, 401.9, -24.5, 89.6]",0.0,2394.0,63884,"[1914.0, 2402.0, 2800.0, nan]",16.93,"[6.26, 26.76, 16.58, nan]","[23.1, 5.6, 5.82, nan]",6403.0,572.0,,2.24,True
A472850,폰드그룹,"=HYPERLINK(""https://stock.naver.com/domestic/stock/472850"", ""A472850"")","=HYPERLINK(""http://comp.fnguide.com/SVO2/ASP/SVD_Consensus.asp?pGB=1&gicode=A472850&cID=&MenuYn=Y&ReportGB=&NewMenuID=108&stkGb=701"", ""폰드그룹"")",3,4100,0.0,9.44,4513,4279,4197,10.08,4.36,2.36,11.93,True,0,600.0,,,"[4.0, 437.0, 600.0, nan]","[10825.0, 37.3, nan]",0.0,34.9,"[nan, nan, 10487.9, 37.1, 34.9]",0.0,2360.0,77377,"[1872.0, 2121.0, 2344.0, nan]",76.45,"[nan, 12.61, 15.46, nan]","[nan, 6.73, 9.44, nan]",4856.0,574.0,27956.0,2.78,True
A093520,매커스,"=HYPERLINK(""https://stock.naver.com/domestic/stock/093520"", ""A093520"")","=HYPERLINK(""http://comp.fnguide.com/SVO2/ASP/SVD_Consensus.asp?pGB=1&gicode=A093520&cID=&MenuYn=Y&ReportGB=&NewMenuID=108&stkGb=701"", ""매커스"")",2,19430,0.76,14.58,26713,20420,18217,37.48,5.09,-6.24,19.29,True,2,1505.0,2120.0,40.9,"[1252.0, 1240.0, 1505.0, 2120.0]","[-1.0, 21.4, 40.9]",19.194154725153023,9.0,"[-11.3, -8.5, -1.0, 21.4, 9.0]",1.2336786543506006,2313.0,36696,"[1024.0, 1132.0, 1257.0, 1420.0]",14.93,"[20.67, 18.59, 19.3, 20.03]","[9.98, 6.64, 14.58, 9.16]",2272.0,291.0,3472904.0,5.47,True
A134380,미원화학,"=HYPERLINK(""https://stock.naver.com/domestic/stock/134380"", ""A134380"")","=HYPERLINK(""http://comp.fnguide.com/SVO2/ASP/SVD_Consensus.asp?pGB=1&gicode=A134380&cID=&MenuYn=Y&ReportGB=&NewMenuID=108&stkGb=701"", ""미원화학"")",2,10300,0.0,8.25,13164,10919,10133,27.8,6.01,-1.62,15.83,False,0,1124.0,,,"[992.0, 1225.0, 1124.0, nan]","[23.5, -8.2, nan]",0.0,45.9,"[43.3, 34.2, 23.5, -8.2, 45.9]",26.041257485914837,2265.0,2429,"[1445.0, 1624.0, 1736.0, nan]",55.34,"[15.74, 17.55, 14.72, nan]","[7.18, 6.44, 8.25, nan]",2845.0,292.0,2605150.0,4.85,True
A0008Z0,에스엔시스,"=HYPERLINK(""https://stock.naver.com/domestic/stock/0008Z0"", ""A0008Z0"")","=HYPERLINK(""http://comp.fnguide.com/SVO2/ASP/SVD_Consensus.asp?pGB=1&gicode=A0008Z0&cID=&MenuYn=Y&ReportGB=&NewMenuID=108&stkGb=701"", ""에스엔시스"")",1,23550,1.13,13.73,25243,21541,20245,7.19,-8.53,-14.03,14.85,False,0,2170.0,2119.0,-2.4,"[1499.0, 2980.0, 2170.0, 2119.0]","[98.8, -27.2, -2.4]",12.201636769769596,-11.7,"[37.8, nan, 98.7, -27.2, -11.7]",0.0,2222.0,60827,"[802.0, 1021.0, 1727.0, nan]",28.68,"[0, 24.87, 13.13, 11.58, 8.58]","[nan, nan, 13.73, 11.11]",1444.0,177.0,,1.6,True
A206640,바디텍메드,"=HYPERLINK(""https://stock.naver.com/domestic/stock/206640"", ""A206640"")","=HYPERLINK(""http://comp.fnguide.com/SVO2/ASP/SVD_Consensus.asp?pGB=1&gicode=A206640&cID=&MenuYn=Y&ReportGB=&NewMenuID=108&stkGb=701"", ""바디텍메드"")",3,10120,0.0,12.96,12279,11413,11110,21.34,12.78,9.78,12.41,False,0,1012.0,,,"[1105.0, 1161.0, 1012.0, nan]","[5.1, -12.8, nan]",0.0,35.2,"[-45.6, 7.4, 5.1, -12.8, 35.2]",-6.256791302303444,2217.0,33323,"[1862.0, 2103.0, 2313.0, nan]",24.21,"[14.84, 13.75, 10.71, nan]","[18.56, 14.46, 12.96, nan]",1621.0,289.0,200000.0,1.14,True
A023760,한국캐피탈,"=HYPERLINK(""https://stock.naver.com/domestic/stock/023760"", ""A023760"")","=HYPERLINK(""http://comp.fnguide.com/SVO2/ASP/SVD_Consensus.asp?pGB=1&gicode=A023760&cID=&MenuYn=Y&ReportGB=&NewMenuID=108&stkGb=701"", ""한국캐피탈"")",3,699,0.0,2.52,2979,2676,2569,326.16,282.77,267.58,13.31,False,0,319.0,,,"[210.0, 257.0, 319.0, nan]","[22.4, 24.1, nan]",0.0,,[],27.902610258497695,2206.0,391345,"[6120.0, 6737.0, 7541.0, nan]",80.5,"[12.39, 12.62, 14.08, nan]","[2.8, 2.13, 2.52, nan]",1747.0,1279.0,2719001.0,4.98,True
A011560,세보엠이씨,"=HYPERLINK(""https://stock.naver.com/domestic/stock/011560"", ""A011560"")","=HYPERLINK(""http://comp.fnguide.com/SVO2/ASP/SVD_Consensus.asp?pGB=1&gicode=A011560&cID=&MenuYn=Y&ReportGB=&NewMenuID=108&stkGb=701"", ""세보엠이씨"")",3,21400,0.64,4.1,35281,30842,29289,64.86,44.12,36.86,14.09,True,2,3377.0,4249.0,25.8,"[3525.0, 2666.0, 3377.0, 4249.0]","[-24.4, 26.7, 25.8]",6.412590846106614,46.4,"[102.8, 57.1, -24.4, 26.7, 46.4]",34.90148317834026,2158.0,43157,"[2172.0, 2417.0, 2712.0, 3081.0]",49.57,"[18.53, 12.23, 13.86, 14.95]","[2.48, 3.79, 4.1, 5.04]",7158.0,404.0,24872.0,4.33,True
A136490,선진,"=HYPERLINK(""https://stock.naver.com/domestic/stock/136490"", ""A136490"")","=HYPERLINK(""http://comp.fnguide.com/SVO2/ASP/SVD_Consensus.asp?pGB=1&gicode=A136490&cID=&MenuYn=Y&ReportGB=&NewMenuID=108&stkGb=701"", ""선진"")",3,9040,0.0,1.94,27939,25668,24873,209.05,183.93,175.14,12.71,True,0,5002.0,,,"[585.0, 230.0, 5002.0, nan]","[-60.7, 2074.8, nan]",0.0,-14.2,"[-27.5, -40.0, -60.7, 2073.0, -14.2]",26.091486390025985,2150.0,208067,"[4301.0, 4493.0, 5631.0, nan]",50.06,"[3.26, 1.24, 23.5, nan]","[11.31, 24.5, 1.94, nan]",18957.0,1792.0,396.0,2.06,True
A019010,베뉴지,"=HYPERLINK(""https://stock.naver.com/domestic/stock/019010"", ""A019010"")","=HYPERLINK(""http://comp.fnguide.com/SVO2/ASP/SVD_Consensus.asp?pGB=1&gicode=A019010&cID=&MenuYn=Y&ReportGB=&NewMenuID=108&stkGb=701"", ""베뉴지"")",3,4435,0.0,1.38,12921,11212,10614,191.33,152.8,139.32,14.32,True,0,1945.0,,,"[285.0, -262.0, 1945.0, nan]","[-191.9, -842.4, nan]",0.0,510.8,"[nan, nan, nan, nan, 510.8]",0.0,2138.0,129888,"[3142.0, 2996.0, 3906.0, nan]",51.96,"[4.45, -4.11, 27.16, nan]","[7.33, nan, 1.38, nan]",482.0,150.0,8000000.0,2.61,True
A461300,아이스크림미디어,"=HYPERLINK(""https://stock.naver.com/domestic/stock/461300"", ""A461300"")","=HYPERLINK(""http://comp.fnguide.com/SVO2/ASP/SVD_Consensus.asp?pGB=1&gicode=A461300&cID=&MenuYn=Y&ReportGB=&NewMenuID=108&stkGb=701"", ""아이스크림미디어"")",3,15970,0.0,4.67,41455,27913,23173,159.58,74.78,45.1,27.79,True,0,3723.0,,,"[2851.0, 2712.0, 3723.0, nan]","[-4.9, 37.3, nan]",0.0,,"[96.1, 35.0, -4.9, 37.3, nan]",0.0,2128.0,107927,"[836.0, 1833.0, 2044.0, nan]",60.8,"[44.11, 23.29, 25.36, nan]","[nan, 4.33, 4.67, nan]",1959.0,618.0,598969.0,8.93,True
A036030,케이티알파,"=HYPERLINK(""https://stock.naver.com/domestic/stock/036030"", ""A036030"")","=HYPERLINK(""http://comp.fnguide.com/SVO2/ASP/SVD_Consensus.asp?pGB=1&gicode=A036030&cID=&MenuYn=Y&ReportGB=&NewMenuID=108&stkGb=701"", ""케이티알파"")",3,4325,0.0,6.11,6592,6374,6298,52.41,47.38,45.61,11.48,True,0,890.0,,,"[332.0, 401.0, 890.0, nan]","[20.8, 121.9, nan]",0.0,5.6,"[nan, 140.2, 20.9, 121.8, 5.6]",0.0,2120.0,106178,"[2443.0, 2613.0, 3031.0, nan]",72.97,"[6.92, 7.78, 15.47, nan]","[18.05, 8.77, 6.11, nan]",3959.0,442.0,142.0,5.15,True
A190510,나무가,"=HYPERLINK(""https://stock.naver.com/domestic/stock/190510"", ""A190510"")","=HYPERLINK(""http://comp.fnguide.com/SVO2/ASP/SVD_Consensus.asp?pGB=1&gicode=A190510&cID=&MenuYn=Y&ReportGB=&NewMenuID=108&stkGb=701"", ""나무가"")",2,14720,0.0,10.26,17938,14872,13799,21.86,1.04,-6.25,15.85,False,0,1700.0,,,"[1450.0, 1607.0, 1700.0, nan]","[10.8, 5.8, nan]",0.0,-47.4,"[82.2, -31.6, 10.8, 5.8, -47.4]",-5.131260701758899,2073.0,86257,"[1471.0, 1669.0, 1717.0, nan]",38.9,"[17.32, 16.64, 14.83, nan]","[9.72, 8.23, 10.26, nan]",4599.0,282.0,,4.17,True
A003650,미창석유,"=HYPERLINK(""https://stock.naver.com/domestic/stock/003650"", ""A003650"")","=HYPERLINK(""http://comp.fnguide.com/SVO2/ASP/SVD_Consensus.asp?pGB=1&gicode=A003650&cID=&MenuYn=Y&ReportGB=&NewMenuID=108&stkGb=701"", ""미창석유"")",3,118900,0.0,3.07,428019,368735,347985,259.98,210.12,192.67,14.55,False,0,39586.0,,,"[27388.0, 30250.0, 39586.0, nan]","[10.4, 30.9, nan]",0.0,443.6,"[-32.2, 128.1, 10.5, 30.9, 443.6]",64.81140827967647,2068.0,2568,"[3649.0, 4125.0, 4794.0, nan]",40.24,"[13.89, 13.54, 15.44, nan]","[2.62, 2.96, 3.07, nan]",4055.0,346.0,226693.0,2.88,True
A051370,인터플렉스,"=HYPERLINK(""https://stock.naver.com/domestic/stock/051370"", ""A051370"")","=HYPERLINK(""http://comp.fnguide.com/SVO2/ASP/SVD_Consensus.asp?pGB=1&gicode=A051370&cID=&MenuYn=Y&ReportGB=&NewMenuID=108&stkGb=701"", ""인터플렉스"")",3,8630,-0.98,7.5,18592,15773,14786,115.43,82.77,71.34,15.05,False,0,1410.0,922.0,-34.6,"[1171.0, 2363.0, 1410.0, 922.0]","[101.8, -40.3, -34.6]",-7.638478100244351,22.3,"[nan, 78.5, 101.8, -40.3, 22.3]",0.0,2013.0,186127,"[2205.0, 2818.0, 3104.0, 3319.0]",47.72,"[13.06, 21.95, 11.11, 6.69]","[9.08, 3.88, 7.5, 9.36]",4680.0,286.0,,,True
A035150,백산,"=HYPERLINK(""https://stock.naver.com/domestic/stock/035150"", ""A035150"")","=HYPERLINK(""http://comp.fnguide.com/SVO2/ASP/SVD_Consensus.asp?pGB=1&gicode=A035150&cID=&MenuYn=Y&ReportGB=&NewMenuID=108&stkGb=701"", ""백산"")",3,9970,0.86,8.21,23091,17719,15838,131.61,77.72,58.86,19.11,False,1,1590.0,2365.0,48.7,"[1798.0, 2757.0, 1590.0, 2365.0]","[53.3, -42.3, 48.7]",9.566127485011865,2.0,"[136.3, -3.9, 53.3, -42.3, 2.0]",15.425310052279828,1997.0,38155,"[2061.0, 2481.0, 2586.0, nan]",61.23,"[21.47, 26.75, 13.22, 18.41]","[5.92, 4.77, 8.21, 4.22]",5049.0,536.0,162908.0,3.45,True
A005710,대원산업,"=HYPERLINK(""https://stock.naver.com/domestic/stock/005710"", ""A005710"")","=HYPERLINK(""http://comp.fnguide.com/SVO2/ASP/SVD_Consensus.asp?pGB=1&gicode=A005710&cID=&MenuYn=Y&ReportGB=&NewMenuID=108&stkGb=701"", ""대원산업"")",3,9810,0.0,3.69,36397,32543,31194,271.02,231.73,217.98,13.44,True,0,3836.0,,,"[1784.0, 3624.0, 3836.0, nan]","[103.1, 5.8, nan]",0.0,-23.9,"[15.0, -5.1, 103.2, 5.9, -23.9]",12.313943099994962,1966.0,28266,"[4458.0, 5124.0, 5845.0, nan]",62.95,"[8.28, 15.16, 14.01, nan]","[3.27, 1.63, 3.69, nan]",10589.0,708.0,,1.77,True
A353810,이지바이오,"=HYPERLINK(""https://stock.naver.com/domestic/stock/353810"", ""A353810"")","=HYPERLINK(""http://comp.fnguide.com/SVO2/ASP/SVD_Consensus.asp?pGB=1&gicode=A353810&cID=&MenuYn=Y&ReportGB=&NewMenuID=108&stkGb=701"", ""이지바이오"")",1,5930,0.17,6.97,8434,5664,4695,42.23,-4.48,-20.83,28.03,True,3,834.0,1251.0,50.0,"[455.0, 573.0, 834.0, 1251.0]","[25.9, 45.5, 50.0]",40.064043827556816,107.5,"[-16.0, 70.2, 26.1, 45.4, 107.5]",40.316029550348546,1962.0,188094,"[628.0, 840.0, 1072.0, 1295.0]",51.53,"[27.57, 26.72, 29.06, 34.98]","[7.96, 7.34, 6.97, 4.74]",4769.0,450.0,,4.3,True
A0117P0,피스피스스튜디오,"=HYPERLINK(""https://stock.naver.com/domestic/stock/0117P0"", ""A0117P0"")","=HYPERLINK(""http://comp.fnguide.com/SVO2/ASP/SVD_Consensus.asp?pGB=1&gicode=A0117P0&cID=&MenuYn=Y&ReportGB=&NewMenuID=108&stkGb=701"", ""피스피스스튜디오"")",1,13730,0.0,,14254,10913,9743,3.82,-20.52,-29.04,19.21,False,0,,,,"[nan, nan, nan, nan]","[nan, nan, nan]",0.0,,"[nan, nan, nan, nan, nan]",0.0,1945.0,33365585,"[370.0, 568.0, 1132.0, nan]",47.49,"[0, 37.53, 13.41, nan, nan]","[nan, nan, nan, nan]",1179.0,167.0,,,True
A214180,헥토이노베이션,"=HYPERLINK(""https://stock.naver.com/domestic/stock/214180"", ""A214180"")","=HYPERLINK(""http://comp.fnguide.com/SVO2/ASP/SVD_Consensus.asp?pGB=1&gicode=A214180&cID=&MenuYn=Y&ReportGB=&NewMenuID=108&stkGb=701"", ""헥토이노베이션"")",3,14310,0.32,6.92,23626,20447,19335,65.1,42.89,35.11,14.4,True,3,2329.0,3075.0,32.0,"[1720.0, 2105.0, 2329.0, 3075.0]","[22.4, 10.6, 32.0]",21.349174225565413,-8.4,"[38.8, -22.6, 22.4, 10.6, -8.4]",5.904030556106288,1859.0,99352,"[1744.0, 2072.0, 2223.0, 2510.0]",39.38,"[14.5, 14.63, 14.22, 16.88]","[8.53, 5.86, 6.92, 4.65]",3758.0,502.0,409800.0,3.1,True
A007860,서연,"=HYPERLINK(""https://stock.naver.com/domestic/stock/007860"", ""A007860"")","=HYPERLINK(""http://comp.fnguide.com/SVO2/ASP/SVD_Consensus.asp?pGB=1&gicode=A007860&cID=&MenuYn=Y&ReportGB=&NewMenuID=108&stkGb=701"", ""서연"")",3,7800,0.0,4.05,47276,43634,42359,506.1,459.41,443.07,12.59,True,0,2380.0,,,"[4783.0, 5706.0, 2380.0, nan]","[19.3, -58.3, nan]",0.0,121.6,"[178.1, 70.6, 19.3, -58.3, 121.6]",39.22116194545631,1831.0,136792,"[6430.0, 8182.0, 8780.0, nan]",46.87,"[19.08, 18.34, 6.59, nan]","[1.8, 1.18, 4.05, nan]",49161.0,1996.0,1772558.0,2.59,True
A066620,국보디자인,"=HYPERLINK(""https://stock.naver.com/domestic/stock/066620"", ""A066620"")","=HYPERLINK(""http://comp.fnguide.com/SVO2/ASP/SVD_Consensus.asp?pGB=1&gicode=A066620&cID=&MenuYn=Y&ReportGB=&NewMenuID=108&stkGb=701"", ""국보디자인"")",3,23850,0.0,4.42,65319,56012,52754,173.87,134.85,121.19,14.7,True,0,5293.0,,,"[3685.0, 5430.0, 5293.0, nan]","[47.4, -2.5, nan]",0.0,78.1,"[6.8, 32.4, 47.4, -2.5, 78.1]",29.337675470450876,1789.0,12911,"[2105.0, 2798.0, 3239.0, nan]",53.11,"[15.51, 16.61, 13.15, nan]","[3.87, 3.32, 4.42, nan]",4389.0,458.0,733339.0,2.14,True
A003350,한국화장품제조,"=HYPERLINK(""https://stock.naver.com/domestic/stock/003350"", ""A003350"")","=HYPERLINK(""http://comp.fnguide.com/SVO2/ASP/SVD_Consensus.asp?pGB=1&gicode=A003350&cID=&MenuYn=Y&ReportGB=&NewMenuID=108&stkGb=701"", ""한국화장품제조"")",3,7730,0.0,8.1,16032,10562,8648,107.4,36.64,11.88,29.89,False,0,1208.0,,,"[321.0, 1021.0, 1208.0, nan]","[218.1, 18.3, nan]",0.0,43.8,"[nan, 80.5, 217.8, 18.3, 43.8]",0.0,1752.0,107936,"[526.0, 742.0, 1047.0, nan]",45.03,"[14.58, 36.48, 30.6, nan]","[14.56, 10.13, 8.1, nan]",1846.0,329.0,4534965.0,0.61,True
A462860,더즌,"=HYPERLINK(""https://stock.naver.com/domestic/stock/462860"", ""A462860"")","=HYPERLINK(""http://comp.fnguide.com/SVO2/ASP/SVD_Consensus.asp?pGB=1&gicode=A462860&cID=&MenuYn=Y&ReportGB=&NewMenuID=108&stkGb=701"", ""더즌"")",1,2380,0.0,23.94,2564,1747,1461,7.75,-26.58,-38.59,26.75,False,0,158.0,,,"[187.0, 161.0, 158.0, nan]","[-13.9, -1.9, nan]",0.0,15.0,"[nan, 37.5, -13.9, -2.1, 15.0]",0.0,1708.0,479378,"[304.0, 411.0, 731.0, nan]",52.78,"[46.51, 28.06, 19.29, nan]","[nan, nan, 23.94, nan]",600.0,136.0,958221.0,0.79,True
A234080,JW생명과학,"=HYPERLINK(""https://stock.naver.com/domestic/stock/234080"", ""A234080"")","=HYPERLINK(""http://comp.fnguide.com/SVO2/ASP/SVD_Consensus.asp?pGB=1&gicode=A234080&cID=&MenuYn=Y&ReportGB=&NewMenuID=108&stkGb=701"", ""JW생명과학"")",3,10730,-7.62,7.11,23909,18756,16952,122.83,74.8,57.99,18.07,True,0,1807.0,1730.0,-4.3,"[1777.0, 2778.0, 1807.0, 1730.0]","[56.3, -35.0, -4.3]",-0.9332100528641196,9.5,"[15.9, 88.1, 56.3, -35.0, 9.5]",19.3855424533091,1699.0,57642,"[1594.0, 2004.0, 2206.0, 2327.0]",43.09,"[18.78, 24.45, 13.59, 12.09]","[7.24, 3.92, 7.11, 6.2]",2578.0,332.0,350000.0,4.28,True
A950140,잉글우드랩,"=HYPERLINK(""https://stock.naver.com/domestic/stock/950140"", ""A950140"")","=HYPERLINK(""http://comp.fnguide.com/SVO2/ASP/SVD_Consensus.asp?pGB=1&gicode=A950140&cID=&MenuYn=Y&ReportGB=&NewMenuID=108&stkGb=701"", ""잉글우드랩"")",3,8510,0.0,9.02,12636,10315,9503,48.49,21.22,11.67,16.43,False,0,1249.0,,,"[1044.0, 988.0, 1249.0, nan]","[-5.4, 26.4, nan]",0.0,117.7,"[-51.6, 185.5, -5.4, 26.4, 117.7]",29.178317203979077,1691.0,19161,"[1149.0, 1439.0, 1646.0, nan]",71.75,"[19.95, 15.17, 16.09, nan]","[12.77, 6.9, 9.02, nan]",2168.0,374.0,,,True
A264450,유비쿼스,"=HYPERLINK(""https://stock.naver.com/domestic/stock/264450"", ""A264450"")","=HYPERLINK(""http://comp.fnguide.com/SVO2/ASP/SVD_Consensus.asp?pGB=1&gicode=A264450&cID=&MenuYn=Y&ReportGB=&NewMenuID=108&stkGb=701"", ""유비쿼스"")",3,11470,0.0,6.0,16626,14879,14268,44.95,29.72,24.39,13.41,False,0,1618.0,,,"[1685.0, 1392.0, 1618.0, nan]","[-17.4, 16.2, nan]",0.0,118.9,"[-25.4, 20.5, -17.4, 16.2, 118.9]",13.56161555216675,1682.0,97077,"[1651.0, 1766.0, 1958.0, nan]",43.26,"[16.81, 12.45, 12.92, nan]","[6.43, 5.75, 6.0, nan]",1164.0,231.0,,4.85,True
A071200,인피니트헬스케어,"=HYPERLINK(""https://stock.naver.com/domestic/stock/071200"", ""A071200"")","=HYPERLINK(""http://comp.fnguide.com/SVO2/ASP/SVD_Consensus.asp?pGB=1&gicode=A071200&cID=&MenuYn=Y&ReportGB=&NewMenuID=108&stkGb=701"", ""인피니트헬스케어"")",3,6870,0.0,5.5,13114,10314,9334,90.89,50.13,35.87,17.96,True,0,1082.0,,,"[675.0, 1549.0, 1082.0, nan]","[129.5, -30.1, nan]",0.0,,"[-99.4, 12411.0, 129.6, -30.1, nan]",0.0,1676.0,87574,"[1314.0, 1685.0, 1917.0, nan]",50.6,"[13.36, 25.21, 14.66, nan]","[7.78, 2.72, 5.5, nan]",1024.0,142.0,20005.0,3.36,True
A083930,아바코,"=HYPERLINK(""https://stock.naver.com/domestic/stock/083930"", ""A083930"")","=HYPERLINK(""http://comp.fnguide.com/SVO2/ASP/SVD_Consensus.asp?pGB=1&gicode=A083930&cID=&MenuYn=Y&ReportGB=&NewMenuID=108&stkGb=701"", ""아바코"")",3,11400,0.0,7.04,17060,16579,16410,49.65,45.43,43.95,11.37,True,0,1939.0,,,"[276.0, 1589.0, 1939.0, nan]","[475.7, 22.0, nan]",0.0,,"[44.4, -76.5, 475.4, 22.0, nan]",0.0,1673.0,160177,"[1842.0, 1987.0, 2218.0, nan]",30.05,"[2.41, 12.48, 13.62, nan]","[55.18, 7.56, 7.04, nan]",3929.0,346.0,950002.0,3.66,True
A123330,제닉,"=HYPERLINK(""https://stock.naver.com/domestic/stock/123330"", ""A123330"")","=HYPERLINK(""http://comp.fnguide.com/SVO2/ASP/SVD_Consensus.asp?pGB=1&gicode=A123330&cID=&MenuYn=Y&ReportGB=&NewMenuID=108&stkGb=701"", ""제닉"")",1,20750,0.0,6.97,21821,12978,9883,5.16,-37.45,-52.37,44.85,True,0,2370.0,2309.0,-2.6,"[-630.0, 1016.0, 2370.0, 2309.0]","[-261.3, 133.3, -2.6]",0.0,-1.1,"[nan, nan, nan, 133.4, -1.1]",0.0,1654.0,114045,"[115.0, 222.0, 410.0, nan]",34.55,"[-32.11, 44.9, 59.77, 44.83]","[nan, 22.6, 6.97, 8.99]",782.0,150.0,143994.0,,True
A123410,코리아에프티,"=HYPERLINK(""https://stock.naver.com/domestic/stock/123410"", ""A123410"")","=HYPERLINK(""http://comp.fnguide.com/SVO2/ASP/SVD_Consensus.asp?pGB=1&gicode=A123410&cID=&MenuYn=Y&ReportGB=&NewMenuID=108&stkGb=701"", ""코리아에프티"")",3,5810,0.0,5.22,16127,12529,11270,177.57,115.65,93.98,18.51,True,0,1577.0,,,"[1097.0, 1261.0, 1577.0, nan]","[14.9, 25.1, nan]",0.0,-17.2,"[67.6, 226.7, 15.0, 25.0, -17.2]",45.48300661146456,1618.0,246784,"[1723.0, 2145.0, 2605.0, nan]",39.52,"[19.34, 18.15, 18.48, nan]","[3.3, 3.47, 5.22, nan]",7859.0,454.0,73969.0,2.43,True
A079960,동양이엔피,"=HYPERLINK(""https://stock.naver.com/domestic/stock/079960"", ""A079960"")","=HYPERLINK(""http://comp.fnguide.com/SVO2/ASP/SVD_Consensus.asp?pGB=1&gicode=A079960&cID=&MenuYn=Y&ReportGB=&NewMenuID=108&stkGb=701"", ""동양이엔피"")",3,20500,0.0,4.06,80828,68858,64669,294.28,235.89,215.46,14.91,False,0,6293.0,,,"[5975.0, 8849.0, 6293.0, nan]","[48.1, -28.9, nan]",0.0,-12.1,"[29.6, 104.6, 48.1, -28.9, -12.1]",19.669873802849615,1611.0,50639,"[3262.0, 3966.0, 4409.0, nan]",40.39,"[15.53, 19.25, 11.81, nan]","[3.48, 2.03, 4.06, nan]",5965.0,536.0,308342.0,1.76,True
A015230,대창단조,"=HYPERLINK(""https://stock.naver.com/domestic/stock/015230"", ""A015230"")","=HYPERLINK(""http://comp.fnguide.com/SVO2/ASP/SVD_Consensus.asp?pGB=1&gicode=A015230&cID=&MenuYn=Y&ReportGB=&NewMenuID=108&stkGb=701"", ""대창단조"")",3,5810,0.0,6.26,12870,12836,12824,121.51,120.93,120.73,10.82,True,0,1007.0,,,"[1188.0, 1175.0, 1007.0, nan]","[-1.1, -14.3, nan]",0.0,19.2,"[37.8, -7.5, -1.1, -14.3, 19.2]",5.188645754908494,1577.0,145788,"[2666.0, 2995.0, 3229.0, nan]",48.23,"[13.47, 11.86, 9.25, nan]","[5.14, 4.24, 6.26, nan]",3463.0,380.0,1929680.0,2.85,True
A031440,신세계푸드,"=HYPERLINK(""https://stock.naver.com/domestic/stock/031440"", ""A031440"")","=HYPERLINK(""http://comp.fnguide.com/SVO2/ASP/SVD_Consensus.asp?pGB=1&gicode=A031440&cID=&MenuYn=Y&ReportGB=&NewMenuID=108&stkGb=701"", ""신세계푸드"")",3,40650,0.0,2.4,126336,111753,106649,210.79,174.92,162.36,13.74,True,0,19939.0,,,"[2749.0, 2892.0, 19939.0, nan]","[5.2, 589.5, nan]",0.0,-23.3,"[nan, nan, 5.2, 589.5, -23.3]",0.0,1574.0,12783,"[2899.0, 2935.0, 3579.0, nan]",66.46,"[3.66, 3.84, 23.71, nan]","[14.35, 12.45, 2.4, nan]",12332.0,48.0,257029.0,1.88,True
A114840,아이패밀리에스씨,"=HYPERLINK(""https://stock.naver.com/domestic/stock/114840"", ""A114840"")","=HYPERLINK(""http://comp.fnguide.com/SVO2/ASP/SVD_Consensus.asp?pGB=1&gicode=A114840&cID=&MenuYn=Y&ReportGB=&NewMenuID=108&stkGb=701"", ""아이패밀리에스씨"")",3,9020,1.66,10.82,16695,11158,9220,85.09,23.7,2.21,28.48,True,1,1261.0,1409.0,11.7,"[1166.0, 1644.0, 1261.0, 1409.0]","[41.0, -23.3, 11.7]",6.501538914040816,-52.8,"[71.1, 157.4, 41.0, -23.3, -52.8]",17.58800047492979,1562.0,94673,"[690.0, 916.0, 1045.0, nan]",41.74,"[33.55, 35.26, 22.28, 23.36]","[11.28, 11.37, 10.82, 6.4]",2241.0,271.0,764949.0,2.19,True
A481070,에이유브랜즈,"=HYPERLINK(""https://stock.naver.com/domestic/stock/481070"", ""A481070"")","=HYPERLINK(""http://comp.fnguide.com/SVO2/ASP/SVD_Consensus.asp?pGB=1&gicode=A481070&cID=&MenuYn=Y&ReportGB=&NewMenuID=108&stkGb=701"", ""에이유브랜즈"")",1,10840,0.0,36.27,16296,10154,8005,50.33,-6.32,-26.16,36.72,False,0,615.0,,,"[1034.0, 807.0, 615.0, nan]","[-22.0, -23.8, nan]",0.0,254.6,"[nan, 127.5, -22.0, -23.8, 254.6]",0.0,1553.0,54953,"[204.0, 321.0, 685.0, nan]",60.39,"[92.91, 38.45, 16.83, nan]","[nan, nan, 36.27, nan]",600.0,101.0,,,True
A032620,GC메디아이,"=HYPERLINK(""https://stock.naver.com/domestic/stock/032620"", ""A032620"")","=HYPERLINK(""http://comp.fnguide.com/SVO2/ASP/SVD_Consensus.asp?pGB=1&gicode=A032620&cID=&MenuYn=Y&ReportGB=&NewMenuID=108&stkGb=701"", ""GC메디아이"")",3,2970,0.0,5.15,3974,3340,3119,33.8,12.47,5.01,15.36,True,0,708.0,,,"[-33.0, -30.0, 708.0, nan]","[-9.1, -2460.0, nan]",0.0,-97.0,"[-73.1, nan, nan, nan, -97.0]",0.0,1550.0,257581,"[1051.0, 992.0, 1415.0, nan]",53.03,"[-1.54, -1.55, 30.72, nan]","[nan, nan, 5.15, nan]",1977.0,75.0,1413299.0,1.37,True
A024800,유성티엔에스,"=HYPERLINK(""https://stock.naver.com/domestic/stock/024800"", ""A024800"")","=HYPERLINK(""http://comp.fnguide.com/SVO2/ASP/SVD_Consensus.asp?pGB=1&gicode=A024800&cID=&MenuYn=Y&ReportGB=&NewMenuID=108&stkGb=701"", ""유성티엔에스"")",3,4175,0.0,1.67,17838,16796,16431,327.25,302.29,293.56,12.09,True,0,1480.0,,,"[1509.0, 1537.0, 1480.0, nan]","[1.9, -3.7, nan]",0.0,-32.5,"[38.5, -7.1, 1.8, -3.7, -32.5]",-3.165823164735404,1547.0,259866,"[4215.0, 4754.0, 5305.0, nan]",61.98,"[14.47, 12.7, 10.9, nan]","[1.47, 1.22, 1.67, nan]",670.0,12.0,3652884.0,,True
A016880,웅진,"=HYPERLINK(""https://stock.naver.com/domestic/stock/016880"", ""A016880"")","=HYPERLINK(""http://comp.fnguide.com/SVO2/ASP/SVD_Consensus.asp?pGB=1&gicode=A016880&cID=&MenuYn=Y&ReportGB=&NewMenuID=108&stkGb=701"", ""웅진"")",3,1911,0.0,1.55,10515,6116,4577,450.21,220.05,139.49,49.95,True,0,1511.0,,,"[-132.0, 38.0, 1511.0, nan]","[-128.8, 3876.3, nan]",0.0,-90.8,"[-64.4, nan, nan, 3832.3, -90.8]",0.0,1527.0,389873,"[650.0, 714.0, 1779.0, nan]",30.18,"[-14.77, 4.5, 96.89, nan]","[nan, 21.78, 1.55, nan]",11507.0,781.0,1464509.0,,True
A023910,대한약품,"=HYPERLINK(""https://stock.naver.com/domestic/stock/023910"", ""A023910"")","=HYPERLINK(""http://comp.fnguide.com/SVO2/ASP/SVD_Consensus.asp?pGB=1&gicode=A023910&cID=&MenuYn=Y&ReportGB=&NewMenuID=108&stkGb=701"", ""대한약품"")",3,25300,0.0,6.35,52611,51781,51490,107.95,104.67,103.52,11.1,False,0,4607.0,,,"[4738.0, 5627.0, 4607.0, nan]","[18.8, -18.1, nan]",0.0,-8.7,"[10.1, 13.9, 18.8, -18.1, -8.7]",2.182478509304153,1518.0,20420,"[2480.0, 2760.0, 3002.0, nan]",39.75,"[12.01, 12.89, 9.6, nan]","[5.86, 4.66, 6.35, nan]",2086.0,312.0,120000.0,3.42,True
A179290,엠아이텍,"=HYPERLINK(""https://stock.naver.com/domestic/stock/179290"", ""A179290"")","=HYPERLINK(""http://comp.fnguide.com/SVO2/ASP/SVD_Consensus.asp?pGB=1&gicode=A179290&cID=&MenuYn=Y&ReportGB=&NewMenuID=108&stkGb=701"", ""엠아이텍"")",3,4460,0.0,10.78,6183,4960,4532,38.64,11.22,1.62,17.12,True,0,628.0,,,"[398.0, 565.0, 628.0, nan]","[42.0, 11.2, nan]",0.0,-16.9,"[54.7, -34.2, 42.1, 11.1, -16.9]",5.955882633358822,1444.0,222082,"[929.0, 1088.0, 1259.0, nan]",53.09,"[14.5, 18.13, 17.32, nan]","[16.99, 14.36, 10.78, nan]",672.0,207.0,,1.77,True
A067280,멀티캠퍼스,"=HYPERLINK(""https://stock.naver.com/domestic/stock/067280"", ""A067280"")","=HYPERLINK(""http://comp.fnguide.com/SVO2/ASP/SVD_Consensus.asp?pGB=1&gicode=A067280&cID=&MenuYn=Y&ReportGB=&NewMenuID=108&stkGb=701"", ""멀티캠퍼스"")",3,23600,0.0,7.02,49863,44012,41963,111.28,86.49,77.81,13.81,False,0,4417.0,,,"[5316.0, 5242.0, 4417.0, nan]","[-1.4, -15.7, nan]",0.0,-68.0,"[48.5, 4.1, -1.4, -15.7, -68.0]",-16.284412339779276,1399.0,20258,"[1936.0, 2163.0, 2305.0, nan]",62.46,"[17.37, 15.16, 11.72, nan]","[6.41, 5.7, 7.02, nan]",3308.0,319.0,,4.35,True
A259630,엠플러스,"=HYPERLINK(""https://stock.naver.com/domestic/stock/259630"", ""A259630"")","=HYPERLINK(""http://comp.fnguide.com/SVO2/ASP/SVD_Consensus.asp?pGB=1&gicode=A259630&cID=&MenuYn=Y&ReportGB=&NewMenuID=108&stkGb=701"", ""엠플러스"")",2,11370,2.43,7.0,16384,12175,10701,44.1,7.08,-5.88,20.78,True,2,1689.0,1774.0,5.0,"[1629.0, 894.0, 1689.0, 1774.0]","[-45.1, 88.9, 5.0]",2.880058014478548,233.1,"[nan, nan, -45.1, 88.9, 233.1]",0.0,1390.0,169038,"[741.0, 846.0, 1020.0, 1218.0]",23.41,"[30.64, 13.84, 22.12, 19.39]","[7.09, 8.61, 7.0, 6.41]",1842.0,246.0,210301.0,1.69,True
A445180,퓨릿,"=HYPERLINK(""https://stock.naver.com/domestic/stock/445180"", ""A445180"")","=HYPERLINK(""http://comp.fnguide.com/SVO2/ASP/SVD_Consensus.asp?pGB=1&gicode=A445180&cID=&MenuYn=Y&ReportGB=&NewMenuID=108&stkGb=701"", ""퓨릿"")",1,8070,0.0,9.85,8894,7486,6993,10.21,-7.24,-13.34,15.32,True,0,893.0,,,"[837.0, 705.0, 893.0, nan]","[-15.8, 26.7, nan]",0.0,46.7,"[55.1, -0.2, -15.7, 26.6, 46.7]",19.367678224320972,1387.0,67366,"[833.0, 933.0, 1075.0, nan]",50.33,"[19.82, 13.39, 15.1, nan]","[13.03, 7.5, 9.85, nan]",1425.0,172.0,,1.37,True
A003480,한진중공업홀딩스,"=HYPERLINK(""https://stock.naver.com/domestic/stock/003480"", ""A003480"")","=HYPERLINK(""http://comp.fnguide.com/SVO2/ASP/SVD_Consensus.asp?pGB=1&gicode=A003480&cID=&MenuYn=Y&ReportGB=&NewMenuID=108&stkGb=701"", ""한진중공업홀딩스"")",3,4690,0.0,2.33,19984,18416,17868,326.09,292.68,280.98,12.63,True,0,2001.0,,,"[256.0, 1915.0, 2001.0, nan]","[648.0, 4.5, nan]",0.0,26.1,"[nan, -48.5, 647.3, 4.5, 26.1]",0.0,1385.0,112235,"[3404.0, 3889.0, 4447.0, nan]",50.48,"[2.22, 15.5, 14.18, nan]","[12.55, 1.92, 2.33, nan]",12017.0,733.0,3440308.0,2.58,True
A094280,효성ITX,"=HYPERLINK(""https://stock.naver.com/domestic/stock/094280"", ""A094280"")","=HYPERLINK(""http://comp.fnguide.com/SVO2/ASP/SVD_Consensus.asp?pGB=1&gicode=A094280&cID=&MenuYn=Y&ReportGB=&NewMenuID=108&stkGb=701"", ""효성ITX"")",1,11930,0.0,10.29,12476,9451,8392,4.58,-20.78,-29.66,19.75,True,0,1243.0,,,"[1173.0, 947.0, 1243.0, nan]","[-19.3, 31.3, nan]",0.0,-21.6,"[3.7, -2.3, -19.3, 31.3, -21.6]",-3.389233288826765,1379.0,31956,"[702.0, 706.0, 751.0, nan]",68.3,"[21.45, 16.71, 21.21, nan]","[10.6, 12.9, 10.29, nan]",5190.0,190.0,519835.0,5.86,True
A049720,고려신용정보,"=HYPERLINK(""https://stock.naver.com/domestic/stock/049720"", ""A049720"")","=HYPERLINK(""http://comp.fnguide.com/SVO2/ASP/SVD_Consensus.asp?pGB=1&gicode=A049720&cID=&MenuYn=Y&ReportGB=&NewMenuID=108&stkGb=701"", ""고려신용정보"")",1,9540,0.0,11.39,10241,7131,6042,7.35,-25.26,-36.67,25.02,False,0,927.0,,,"[823.0, 926.0, 927.0, nan]","[12.5, 0.1, nan]",0.0,-3.1,"[7.5, 11.1, 12.5, 0.2, -3.1]",5.4613457392189035,1364.0,53623,"[456.0, 529.0, 630.0, 680.0]",44.0,"[27.72, 26.86, 22.89, nan]","[11.57, 10.92, 11.39, nan]",1780.0,167.0,9984.0,4.73,True
A037030,파워넷,"=HYPERLINK(""https://stock.naver.com/domestic/stock/037030"", ""A037030"")","=HYPERLINK(""http://comp.fnguide.com/SVO2/ASP/SVD_Consensus.asp?pGB=1&gicode=A037030&cID=&MenuYn=Y&ReportGB=&NewMenuID=108&stkGb=701"", ""파워넷"")",3,5320,0.0,4.45,7872,6856,6500,47.97,28.87,22.19,14.21,False,1,603.0,913.0,51.4,"[-10.0, 1361.0, 603.0, 913.0]","[-13710.0, -55.7, 51.4]",0.0,-90.6,"[-31.1, nan, nan, -55.7, -90.6]",0.0,1357.0,748724,"[937.0, 1257.0, 1522.0, 1794.0]",37.71,"[-0.21, 26.23, 10.93, 14.05]","[nan, 1.68, 4.45, 5.83]",4470.0,246.0,5633.0,,True
A073010,케이에스피,"=HYPERLINK(""https://stock.naver.com/domestic/stock/073010"", ""A073010"")","=HYPERLINK(""http://comp.fnguide.com/SVO2/ASP/SVD_Consensus.asp?pGB=1&gicode=A073010&cID=&MenuYn=Y&ReportGB=&NewMenuID=108&stkGb=701"", ""케이에스피"")",1,3310,0.0,25.74,3507,2743,2475,5.94,-17.14,-25.22,18.21,True,0,163.0,,,"[344.0, 384.0, 163.0, nan]","[11.6, -57.6, nan]",0.0,22.9,"[75.5, 222.1, 11.6, -57.5, 22.9]",26.933007634169304,1330.0,402756,"[463.0, 714.0, 831.0, nan]",59.69,"[31.81, 25.99, 8.49, nan]","[8.57, 11.09, 25.74, nan]",955.0,115.0,121856.0,0.48,True
A142210,유니트론텍,"=HYPERLINK(""https://stock.naver.com/domestic/stock/142210"", ""A142210"")","=HYPERLINK(""http://comp.fnguide.com/SVO2/ASP/SVD_Consensus.asp?pGB=1&gicode=A142210&cID=&MenuYn=Y&ReportGB=&NewMenuID=108&stkGb=701"", ""유니트론텍"")",3,6390,0.26,9.61,8643,7616,7257,35.26,19.19,13.56,13.86,True,1,636.0,2496.0,292.5,"[970.0, 1086.0, 636.0, 2496.0]","[12.0, -41.4, 292.5]",37.08347338075902,153.4,"[78.2, 3.1, 12.0, -41.5, 153.4]",24.988303371480146,1326.0,789859,"[1077.0, 1261.0, 1394.0, 1879.0]",30.14,"[18.64, 17.88, 9.58, 31.72]","[4.23, 4.47, 9.61, 2.56]",7690.0,323.0,,2.7,True
A264660,씨앤지하이테크,"=HYPERLINK(""https://stock.naver.com/domestic/stock/264660"", ""A264660"")","=HYPERLINK(""http://comp.fnguide.com/SVO2/ASP/SVD_Consensus.asp?pGB=1&gicode=A264660&cID=&MenuYn=Y&ReportGB=&NewMenuID=108&stkGb=701"", ""씨앤지하이테크"")",3,13070,1.11,7.91,16202,15669,15483,23.97,19.89,18.46,11.48,True,0,2009.0,1708.0,-15.0,"[1389.0, 708.0, 2009.0, 1708.0]","[-49.0, 183.8, -15.0]",7.152053305900985,-78.4,"[238.4, -29.3, -49.0, 183.7, -78.4]",-5.648978546443695,1271.0,144448,"[1110.0, 1207.0, 1432.0, nan]",35.57,"[12.56, 5.94, 14.81, 11.6]","[9.06, 13.14, 7.91, 7.65]",1962.0,247.0,301714.0,3.46,True
A069510,에스텍,"=HYPERLINK(""https://stock.naver.com/domestic/stock/069510"", ""A069510"")","=HYPERLINK(""http://comp.fnguide.com/SVO2/ASP/SVD_Consensus.asp?pGB=1&gicode=A069510&cID=&MenuYn=Y&ReportGB=&NewMenuID=108&stkGb=701"", ""에스텍"")",3,11520,0.0,3.82,53244,39750,35027,362.19,245.06,204.06,20.52,False,0,3815.0,,,"[1985.0, 4241.0, 3815.0, nan]","[113.7, -10.0, nan]",0.0,-26.4,"[nan, 127.1, 113.6, -10.0, -26.4]",0.0,1257.0,12968,"[1558.0, 2035.0, 2350.0, nan]",49.43,"[14.67, 25.76, 18.98, nan]","[4.49, 2.48, 3.82, nan]",4682.0,458.0,2500000.0,5.83,True
A408920,메쎄이상,"=HYPERLINK(""https://stock.naver.com/domestic/stock/408920"", ""A408920"")","=HYPERLINK(""http://comp.fnguide.com/SVO2/ASP/SVD_Consensus.asp?pGB=1&gicode=A408920&cID=&MenuYn=Y&ReportGB=&NewMenuID=108&stkGb=701"", ""메쎄이상"")",1,2900,0.0,8.95,3334,2557,2285,14.95,-11.84,-21.22,19.13,False,0,359.0,,,"[123.0, 313.0, 359.0, nan]","[154.5, 14.7, nan]",0.0,63.3,"[70.1, -24.7, 154.2, 14.4, 63.3]",43.48860356451303,1254.0,143779,"[592.0, 696.0, 795.0, nan]",82.34,"[10.33, 21.04, 20.79, nan]","[19.38, 6.32, 8.95, nan]",728.0,190.0,872251.0,3.74,True
A297890,HB솔루션,"=HYPERLINK(""https://stock.naver.com/domestic/stock/297890"", ""A297890"")","=HYPERLINK(""http://comp.fnguide.com/SVO2/ASP/SVD_Consensus.asp?pGB=1&gicode=A297890&cID=&MenuYn=Y&ReportGB=&NewMenuID=108&stkGb=701"", ""HB솔루션"")",3,1707,0.0,5.8,3885,3608,3512,127.62,111.39,105.71,12.43,True,0,362.0,,,"[1082.0, -284.0, 362.0, nan]","[-126.2, -227.5, nan]",0.0,360.6,"[421.1, 65.9, nan, nan, 360.6]",0.0,1249.0,582452,"[2298.0, 2209.0, 2462.0, nan]",27.93,"[40.57, -9.21, 11.34, nan]","[4.89, nan, 5.8, nan]",628.0,44.0,,1.43,True
A019180,티에이치엔,"=HYPERLINK(""https://stock.naver.com/domestic/stock/019180"", ""A019180"")","=HYPERLINK(""http://comp.fnguide.com/SVO2/ASP/SVD_Consensus.asp?pGB=1&gicode=A019180&cID=&MenuYn=Y&ReportGB=&NewMenuID=108&stkGb=701"", ""티에이치엔"")",3,6720,0.0,2.08,36372,23632,19172,441.25,251.66,185.3,31.38,True,0,3815.0,,,"[1579.0, 1769.0, 3815.0, nan]","[12.0, 115.7, nan]",0.0,312.0,"[nan, nan, 12.0, 115.6, 312.0]",0.0,1210.0,289023,"[1115.0, 1480.0, 2247.0, nan]",37.16,"[28.65, 24.54, 36.85, nan]","[2.21, 1.79, 2.08, nan]",9891.0,701.0,,1.51,True
A240550,동방메디컬,"=HYPERLINK(""https://stock.naver.com/domestic/stock/240550"", ""A240550"")","=HYPERLINK(""http://comp.fnguide.com/SVO2/ASP/SVD_Consensus.asp?pGB=1&gicode=A240550&cID=&MenuYn=Y&ReportGB=&NewMenuID=108&stkGb=701"", ""동방메디컬"")",3,5760,0.0,13.64,6116,5985,5940,6.18,3.91,3.12,11.22,True,0,572.0,,,"[559.0, 167.0, 572.0, nan]","[-70.1, 242.5, nan]",0.0,58.2,"[nan, 187.5, -70.2, 243.7, 58.2]",0.0,1206.0,145571,"[468.0, 799.0, 1229.0, nan]",49.03,"[23.5, 4.6, 11.54, nan]","[nan, nan, 13.64, nan]",1135.0,170.0,,,True
A212560,네오오토,"=HYPERLINK(""https://stock.naver.com/domestic/stock/212560"", ""A212560"")","=HYPERLINK(""http://comp.fnguide.com/SVO2/ASP/SVD_Consensus.asp?pGB=1&gicode=A212560&cID=&MenuYn=Y&ReportGB=&NewMenuID=108&stkGb=701"", ""네오오토"")",3,10210,0.0,7.02,13764,12636,12241,34.81,23.76,19.9,12.72,True,0,1260.0,,,"[1009.0, 1500.0, 1260.0, nan]","[48.7, -16.0, nan]",0.0,17.5,"[19.5, 51.9, 48.6, -16.0, 17.5]",21.633254802330026,1206.0,297433,"[1078.0, 1241.0, 1376.0, nan]",51.18,"[11.65, 15.28, 11.38, nan]","[6.22, 3.49, 7.02, nan]",2321.0,137.0,406.0,2.26,True
A122450,KX,"=HYPERLINK(""https://stock.naver.com/domestic/stock/122450"", ""A122450"")","=HYPERLINK(""http://comp.fnguide.com/SVO2/ASP/SVD_Consensus.asp?pGB=1&gicode=A122450&cID=&MenuYn=Y&ReportGB=&NewMenuID=108&stkGb=701"", ""KX"")",3,2670,0.35,8.43,10139,9248,8935,279.74,246.35,234.66,12.9,True,1,442.0,739.0,67.2,"[385.0, 1822.0, 442.0, 739.0]","[373.2, -75.7, 67.2]",24.345219760918656,,"[-47.8, -14.7, 373.2, -75.7, nan]",0.0,1197.0,114521,"[2588.0, 3510.0, 3795.0, 4028.0]",53.81,"[6.85, 27.09, 5.45, 8.46]","[13.27, 1.67, 8.43, 3.62]",3461.0,384.0,,,True
A090850,현대이지웰,"=HYPERLINK(""https://stock.naver.com/domestic/stock/090850"", ""A090850"")","=HYPERLINK(""http://comp.fnguide.com/SVO2/ASP/SVD_Consensus.asp?pGB=1&gicode=A090850&cID=&MenuYn=Y&ReportGB=&NewMenuID=108&stkGb=701"", ""현대이지웰"")",3,5270,0.0,5.09,7189,5948,5514,36.42,12.87,4.63,15.92,True,0,1011.0,,,"[-22.0, 502.0, 1011.0, nan]","[-2381.8, 101.4, nan]",0.0,-20.8,"[-1.5, nan, nan, 101.3, -20.8]",0.0,1185.0,52119,"[875.0, 973.0, 1093.0, nan]",52.82,"[-0.59, 12.91, 23.24, nan]","[nan, 10.34, 5.09, nan]",1426.0,242.0,,4.28,True
A336680,탑런토탈솔루션,"=HYPERLINK(""https://stock.naver.com/domestic/stock/336680"", ""A336680"")","=HYPERLINK(""http://comp.fnguide.com/SVO2/ASP/SVD_Consensus.asp?pGB=1&gicode=A336680&cID=&MenuYn=Y&ReportGB=&NewMenuID=108&stkGb=701"", ""탑런토탈솔루션"")",3,2975,0.0,23.91,4897,4769,4724,64.6,60.3,58.8,11.33,False,0,169.0,,,"[781.0, 569.0, 169.0, nan]","[-27.1, -70.3, nan]",0.0,,"[nan, 526.6, -27.1, -70.3, nan]",0.0,1165.0,37100,"[921.0, 1815.0, 1823.0, nan]",74.13,"[27.95, 14.54, 3.64, nan]","[nan, 8.65, 23.91, nan]",5501.0,89.0,,1.85,True
A148150,세경하이테크,"=HYPERLINK(""https://stock.naver.com/domestic/stock/148150"", ""A148150"")","=HYPERLINK(""http://comp.fnguide.com/SVO2/ASP/SVD_Consensus.asp?pGB=1&gicode=A148150&cID=&MenuYn=Y&ReportGB=&NewMenuID=108&stkGb=701"", ""세경하이테크"")",3,3270,0.26,5.25,10261,8489,7868,213.79,159.59,140.62,15.93,False,0,980.0,427.0,-56.4,"[248.0, 415.0, 980.0, 427.0]","[67.3, 136.1, -56.4]",19.86511482895208,-66.0,"[-27.5, -46.8, 67.5, 136.4, -66.0]",-12.284131481843419,1162.0,217100,"[1790.0, 2051.0, 2358.0, 2510.0]",20.57,"[7.76, 10.71, 22.13, 8.67]","[26.18, 19.9, 5.25, 7.67]",2779.0,18.0,1555597.0,1.95,True
A310200,애니플러스,"=HYPERLINK(""https://stock.naver.com/domestic/stock/310200"", ""A310200"")","=HYPERLINK(""http://comp.fnguide.com/SVO2/ASP/SVD_Consensus.asp?pGB=1&gicode=A310200&cID=&MenuYn=Y&ReportGB=&NewMenuID=108&stkGb=701"", ""애니플러스"")",3,2155,0.0,14.56,2562,2419,2368,18.91,12.24,9.9,12.04,True,0,231.0,,,"[197.0, 343.0, 231.0, nan]","[74.1, -32.7, nan]",0.0,-63.8,"[-85.1, 89.0, 74.2, -32.6, -63.8]",-34.594700595127534,1124.0,160790,"[929.0, 1128.0, 1196.0, nan]",37.32,"[10.65, 15.2, 10.39, nan]","[16.79, 7.5, 14.56, nan]",1503.0,227.0,,2.08,True
A339950,아이비김영,"=HYPERLINK(""https://stock.naver.com/domestic/stock/339950"", ""A339950"")","=HYPERLINK(""http://comp.fnguide.com/SVO2/ASP/SVD_Consensus.asp?pGB=1&gicode=A339950&cID=&MenuYn=Y&ReportGB=&NewMenuID=108&stkGb=701"", ""아이비김영"")",2,2470,0.1,4.22,4381,2952,2452,77.35,19.51,-0.73,27.72,False,3,461.0,485.0,5.2,"[173.0, 282.0, 461.0, 485.0]","[63.0, 63.5, 5.2]",41.00690072357891,489.4,"[-94.9, 2881.9, 63.1, 63.6, 489.4]",88.68706476319747,1110.0,192733,"[448.0, 549.0, 738.0, 826.0]",64.71,"[18.92, 25.42, 32.19, 27.87]","[10.75, 7.17, 4.22, 5.09]",1195.0,191.0,1582885.0,15.42,True
A088130,동아엘텍,"=HYPERLINK(""https://stock.naver.com/domestic/stock/088130"", ""A088130"")","=HYPERLINK(""http://comp.fnguide.com/SVO2/ASP/SVD_Consensus.asp?pGB=1&gicode=A088130&cID=&MenuYn=Y&ReportGB=&NewMenuID=108&stkGb=701"", ""동아엘텍"")",3,6260,0.0,1.36,15161,12264,11250,142.19,95.91,79.7,16.79,True,0,2811.0,,,"[-307.0, -1462.0, 2811.0, nan]","[376.2, -292.3, nan]",0.0,,"[-64.9, nan, nan, nan, nan]",0.0,1095.0,369233,"[1549.0, 1228.0, 1701.0, nan]",37.74,"[-3.98, -21.43, 33.57, nan]","[nan, nan, 1.36, nan]",5824.0,1132.0,,3.92,True
A013520,화승코퍼레이션,"=HYPERLINK(""https://stock.naver.com/domestic/stock/013520"", ""A013520"")","=HYPERLINK(""http://comp.fnguide.com/SVO2/ASP/SVD_Consensus.asp?pGB=1&gicode=A013520&cID=&MenuYn=Y&ReportGB=&NewMenuID=108&stkGb=701"", ""화승코퍼레이션"")",3,2185,0.0,1.39,11708,8685,7627,435.82,297.48,249.06,20.88,True,0,1559.0,,,"[69.0, 533.0, 1559.0, nan]","[672.5, 192.5, nan]",0.0,-14.4,"[nan, 24.2, 669.7, 192.4, -14.4]",0.0,1094.0,112650,"[1606.0, 2121.0, 2833.0, nan]",49.69,"[2.12, 14.32, 31.5, nan]","[29.3, 2.83, 1.39, nan]",16398.0,831.0,3146010.0,3.46,True
A049520,유아이엘,"=HYPERLINK(""https://stock.naver.com/domestic/stock/049520"", ""A049520"")","=HYPERLINK(""http://comp.fnguide.com/SVO2/ASP/SVD_Consensus.asp?pGB=1&gicode=A049520&cID=&MenuYn=Y&ReportGB=&NewMenuID=108&stkGb=701"", ""유아이엘"")",3,3460,0.0,4.75,7627,7096,6910,120.43,105.09,99.72,12.39,False,0,696.0,,,"[352.0, 923.0, 696.0, nan]","[162.2, -24.6, nan]",0.0,-6.9,"[nan, 64.5, 162.5, -24.5, -6.9]",0.0,1067.0,163783,"[1593.0, 1984.0, 2014.0, nan]",53.38,"[7.37, 16.63, 11.23, nan]","[10.42, 3.76, 4.75, nan]",4123.0,264.0,472039.0,12.08,True
A227840,현대코퍼레이션홀딩스,"=HYPERLINK(""https://stock.naver.com/domestic/stock/227840"", ""A227840"")","=HYPERLINK(""http://comp.fnguide.com/SVO2/ASP/SVD_Consensus.asp?pGB=1&gicode=A227840&cID=&MenuYn=Y&ReportGB=&NewMenuID=108&stkGb=701"", ""현대코퍼레이션홀딩스"")",3,11650,0.0,3.02,43838,39810,38400,276.29,241.72,229.62,13.01,True,0,4028.0,,,"[3205.0, 4688.0, 4028.0, nan]","[46.3, -14.1, nan]",0.0,-6.3,"[169.2, -13.2, 46.3, -14.1, -6.3]",22.437477157419195,1060.0,16988,"[2642.0, 2966.0, 3201.0, nan]",49.34,"[11.96, 15.22, 11.89, nan]","[3.35, 2.2, 3.02, nan]",2502.0,214.0,279135.0,4.11,True
A014580,태경비케이,"=HYPERLINK(""https://stock.naver.com/domestic/stock/014580"", ""A014580"")","=HYPERLINK(""http://comp.fnguide.com/SVO2/ASP/SVD_Consensus.asp?pGB=1&gicode=A014580&cID=&MenuYn=Y&ReportGB=&NewMenuID=108&stkGb=701"", ""태경비케이"")",3,3820,0.0,5.31,9398,8939,8779,146.02,134.01,129.81,11.85,True,0,866.0,,,"[871.0, 991.0, 866.0, nan]","[13.8, -12.6, nan]",0.0,53.5,"[151.4, 2.4, 13.8, -12.6, 53.5]",31.487800575918357,1054.0,190740,"[1972.0, 2152.0, 2355.0, nan]",47.23,"[12.81, 13.26, 10.6, nan]","[7.63, 4.58, 5.31, nan]",3859.0,408.0,,3.26,True
A009780,엠에스씨,"=HYPERLINK(""https://stock.naver.com/domestic/stock/009780"", ""A009780"")","=HYPERLINK(""http://comp.fnguide.com/SVO2/ASP/SVD_Consensus.asp?pGB=1&gicode=A009780&cID=&MenuYn=Y&ReportGB=&NewMenuID=108&stkGb=701"", ""엠에스씨"")",3,5920,0.0,6.06,13099,11846,11408,121.27,100.11,92.7,13.12,True,0,1307.0,,,"[1049.0, 1237.0, 1307.0, nan]","[17.9, 5.7, nan]",0.0,4.1,"[17.8, 1.9, 17.9, 5.7, 4.1]",9.262667564083959,1042.0,45064,"[1504.0, 1696.0, 1892.0, nan]",73.22,"[13.03, 13.61, 12.83, nan]","[5.02, 4.46, 6.06, nan]",1977.0,297.0,,1.64,True
A115440,우리넷,"=HYPERLINK(""https://stock.naver.com/domestic/stock/115440"", ""A115440"")","=HYPERLINK(""http://comp.fnguide.com/SVO2/ASP/SVD_Consensus.asp?pGB=1&gicode=A115440&cID=&MenuYn=Y&ReportGB=&NewMenuID=108&stkGb=701"", ""우리넷"")",3,9420,11.21,21.32,9962,9563,9424,5.75,1.52,0.04,11.64,False,1,340.0,667.0,96.2,"[629.0, 1895.0, 340.0, 667.0]","[201.3, -82.1, 96.2]",1.902237932951989,,"[nan, nan, 201.4, -82.1, nan]",0.0,1017.0,183292,"[760.0, 934.0, 941.0, 1008.0]",26.31,"[10.03, 24.05, 3.91, 7.39]","[11.33, 4.62, 21.32, 14.12]",755.0,19.0,582023.0,0.69,True
A104460,디와이피엔에프,"=HYPERLINK(""https://stock.naver.com/domestic/stock/104460"", ""A104460"")","=HYPERLINK(""http://comp.fnguide.com/SVO2/ASP/SVD_Consensus.asp?pGB=1&gicode=A104460&cID=&MenuYn=Y&ReportGB=&NewMenuID=108&stkGb=701"", ""디와이피엔에프"")",3,9320,0.0,5.86,22096,18748,17576,137.08,101.15,88.58,15.05,True,0,2378.0,,,"[532.0, 1697.0, 2378.0, nan]","[219.0, 40.1, nan]",0.0,-61.1,"[nan, nan, 218.8, 40.2, -61.1]",0.0,980.0,28286,"[1119.0, 1282.0, 1498.0, nan]",48.11,"[5.21, 15.14, 18.26, nan]","[43.13, 7.6, 5.86, nan]",3963.0,286.0,1047603.0,5.02,True
A096240,크레버스,"=HYPERLINK(""https://stock.naver.com/domestic/stock/096240"", ""A096240"")","=HYPERLINK(""http://comp.fnguide.com/SVO2/ASP/SVD_Consensus.asp?pGB=1&gicode=A096240&cID=&MenuYn=Y&ReportGB=&NewMenuID=108&stkGb=701"", ""크레버스"")",1,8980,0.0,21.0,9920,7601,6789,10.47,-15.36,-24.4,19.18,False,0,593.0,,,"[1309.0, 672.0, 593.0, nan]","[-48.7, -11.8, nan]",0.0,-1.0,"[-78.6, 188.8, -48.6, -11.8, -1.0]",-22.62234352160749,964.0,47045,"[439.0, 403.0, 470.0, nan]",22.95,"[33.62, 17.99, 15.15, nan]","[12.71, 21.71, 21.0, nan]",2209.0,22.0,2302573.0,6.42,True
A352090,스톰테크,"=HYPERLINK(""https://stock.naver.com/domestic/stock/352090"", ""A352090"")","=HYPERLINK(""http://comp.fnguide.com/SVO2/ASP/SVD_Consensus.asp?pGB=1&gicode=A352090&cID=&MenuYn=Y&ReportGB=&NewMenuID=108&stkGb=701"", ""스톰테크"")",3,3540,0.0,9.58,4511,3967,3776,27.43,12.05,6.67,13.92,True,0,380.0,,,"[468.0, 534.0, 380.0, nan]","[14.1, -28.8, nan]",0.0,13.3,"[9.7, -2.4, 14.2, -28.9, 13.3]",-0.3024669876266928,951.0,63088,"[819.0, 897.0, 938.0, nan]",70.97,"[16.64, 16.74, 11.13, nan]","[10.46, 5.79, 9.58, nan]",697.0,119.0,,12.36,True
A173130,오파스넷,"=HYPERLINK(""https://stock.naver.com/domestic/stock/173130"", ""A173130"")","=HYPERLINK(""http://comp.fnguide.com/SVO2/ASP/SVD_Consensus.asp?pGB=1&gicode=A173130&cID=&MenuYn=Y&ReportGB=&NewMenuID=108&stkGb=701"", ""오파스넷"")",2,7110,0.0,6.84,9828,7232,6323,38.23,1.72,-11.06,21.34,True,0,971.0,,,"[801.0, 732.0, 971.0, nan]","[-8.6, 32.7, nan]",0.0,286.3,"[-2.6, 72.3, -8.7, 32.7, 286.3]",51.0157099124823,928.0,1101915,"[460.0, 539.0, 647.0, nan]",41.3,"[25.71, 19.12, 21.36, nan]","[14.63, 11.54, 6.84, nan]",2333.0,140.0,3389.0,3.77,True
A059210,메타바이오메드,"=HYPERLINK(""https://stock.naver.com/domestic/stock/059210"", ""A059210"")","=HYPERLINK(""http://comp.fnguide.com/SVO2/ASP/SVD_Consensus.asp?pGB=1&gicode=A059210&cID=&MenuYn=Y&ReportGB=&NewMenuID=108&stkGb=701"", ""메타바이오메드"")",3,3385,1.11,12.71,7213,5838,5356,113.07,72.45,58.24,16.76,False,1,391.0,585.0,49.6,"[422.0, 939.0, 391.0, 585.0]","[122.5, -58.4, 49.6]",11.459813787266903,-32.3,"[-72.4, 283.6, 122.2, -58.3, -32.3]",-7.859345727715983,920.0,208813,"[700.0, 933.0, 1243.0, 1371.0]",20.65,"[15.43, 27.42, 10.1, 12.24]","[10.32, 3.95, 12.71, 5.78]",1030.0,214.0,350000.0,2.11,True
A085670,뉴프렉스,"=HYPERLINK(""https://stock.naver.com/domestic/stock/085670"", ""A085670"")","=HYPERLINK(""http://comp.fnguide.com/SVO2/ASP/SVD_Consensus.asp?pGB=1&gicode=A085670&cID=&MenuYn=Y&ReportGB=&NewMenuID=108&stkGb=701"", ""뉴프렉스"")",3,3725,0.0,13.82,4915,4654,4562,31.96,24.93,22.47,11.96,False,0,360.0,,,"[278.0, 658.0, 360.0, nan]","[136.7, -45.3, nan]",0.0,98.4,"[498.0, -53.3, 136.5, -45.3, 98.4]",48.277631673657595,913.0,410260,"[731.0, 1015.0, 1084.0, nan]",31.43,"[9.79, 18.43, 8.38, nan]","[23.46, 8.29, 13.82, nan]",1541.0,92.0,477.0,2.01,True
A489460,바이오비쥬,"=HYPERLINK(""https://stock.naver.com/domestic/stock/489460"", ""A489460"")","=HYPERLINK(""http://comp.fnguide.com/SVO2/ASP/SVD_Consensus.asp?pGB=1&gicode=A489460&cID=&MenuYn=Y&ReportGB=&NewMenuID=108&stkGb=701"", ""바이오비쥬"")",1,6070,3.94,45.19,8241,6052,5286,35.76,-0.29,-12.91,21.45,True,1,298.0,425.0,42.6,"[307.0, 629.0, 298.0, 425.0]","[104.9, -52.6, 42.6]",11.467075909807779,35.6,"[455.7, 363.7, 104.9, -52.6, 35.6]",102.36318047732111,913.0,70678,"[115.0, 309.0, 620.0, 378.0]",59.82,"[34.17, 33.86, 8.94, 12.83]","[nan, nan, 45.19, 14.27]",285.0,42.0,58552.0,0.74,True
A035610,솔본,"=HYPERLINK(""https://stock.naver.com/domestic/stock/035610"", ""A035610"")","=HYPERLINK(""http://comp.fnguide.com/SVO2/ASP/SVD_Consensus.asp?pGB=1&gicode=A035610&cID=&MenuYn=Y&ReportGB=&NewMenuID=108&stkGb=701"", ""솔본"")",3,3270,0.0,4.78,11387,9461,8786,248.24,189.31,168.69,15.78,False,0,763.0,,,"[1354.0, 1241.0, 763.0, nan]","[-8.3, -38.5, nan]",0.0,,"[nan, nan, -8.4, -38.5, nan]",0.0,894.0,15984,"[1635.0, 1934.0, 2126.0, nan]",62.68,"[25.77, 19.02, 10.28, nan]","[2.99, 3.16, 4.78, nan]",1207.0,246.0,,,True
A004140,동방,"=HYPERLINK(""https://stock.naver.com/domestic/stock/004140"", ""A004140"")","=HYPERLINK(""http://comp.fnguide.com/SVO2/ASP/SVD_Consensus.asp?pGB=1&gicode=A004140&cID=&MenuYn=Y&ReportGB=&NewMenuID=108&stkGb=701"", ""동방"")",3,1860,0.0,7.12,3954,3806,3754,112.6,104.62,101.83,11.58,True,0,359.0,,,"[309.0, 427.0, 359.0, nan]","[38.2, -15.9, nan]",0.0,-63.5,"[nan, 1713.8, 38.3, -16.0, -63.5]",0.0,892.0,430991,"[1419.0, 1568.0, 1757.0, nan]",22.83,"[10.97, 13.73, 10.36, nan]","[6.67, 5.07, 7.12, nan]",9156.0,320.0,176960.0,1.17,True
A042500,링네트,"=HYPERLINK(""https://stock.naver.com/domestic/stock/042500"", ""A042500"")","=HYPERLINK(""http://comp.fnguide.com/SVO2/ASP/SVD_Consensus.asp?pGB=1&gicode=A042500&cID=&MenuYn=Y&ReportGB=&NewMenuID=108&stkGb=701"", ""링네트"")",3,4000,0.0,7.75,5993,5811,5747,49.83,45.26,43.66,11.42,True,0,489.0,,,"[574.0, 577.0, 489.0, nan]","[0.5, -15.3, nan]",0.0,34.2,"[16.0, 27.2, 0.5, -15.2, 34.2]",11.032957024002176,892.0,424876,"[961.0, 1068.0, 1190.0, nan]",30.64,"[14.25, 12.67, 9.65, nan]","[5.17, 7.03, 7.75, nan]",1831.0,143.0,1231187.0,7.92,True
A058860,KTis,"=HYPERLINK(""https://stock.naver.com/domestic/stock/058860"", ""A058860"")","=HYPERLINK(""http://comp.fnguide.com/SVO2/ASP/SVD_Consensus.asp?pGB=1&gicode=A058860&cID=&MenuYn=Y&ReportGB=&NewMenuID=108&stkGb=701"", ""KTis"")",3,2520,0.0,2.6,8128,7954,7893,222.55,215.62,213.2,11.22,True,0,1045.0,,,"[400.0, 341.0, 1045.0, nan]","[-14.7, 206.5, nan]",0.0,4.8,"[-36.2, -12.5, -14.8, 206.6, 4.8]",8.852987265343915,877.0,83408,"[2041.0, 2081.0, 2385.0, nan]",29.36,"[6.94, 5.76, 16.29, nan]","[7.54, 7.66, 2.6, nan]",5888.0,247.0,4228938.0,5.16,True
A418470,KT밀리의서재,"=HYPERLINK(""https://stock.naver.com/domestic/stock/418470"", ""A418470"")","=HYPERLINK(""http://comp.fnguide.com/SVO2/ASP/SVD_Consensus.asp?pGB=1&gicode=A418470&cID=&MenuYn=Y&ReportGB=&NewMenuID=108&stkGb=701"", ""KT밀리의서재"")",3,10200,0.0,7.44,22064,15707,13482,116.31,53.99,32.18,23.42,True,0,1847.0,,,"[2060.0, 1358.0, 1847.0, nan]","[-34.1, 36.0, nan]",0.0,19.2,"[nan, 1.3, -34.1, 36.0, 19.2]",0.0,874.0,73843,"[577.0, 704.0, 869.0, nan]",38.59,"[44.55, 17.95, 20.03, nan]","[8.37, 10.6, 7.44, nan]",882.0,144.0,,4.0,True
A337930,젝시믹스,"=HYPERLINK(""https://stock.naver.com/domestic/stock/337930"", ""A337930"")","=HYPERLINK(""http://comp.fnguide.com/SVO2/ASP/SVD_Consensus.asp?pGB=1&gicode=A337930&cID=&MenuYn=Y&ReportGB=&NewMenuID=108&stkGb=701"", ""젝시믹스"")",3,2930,0.0,13.08,5212,4520,4278,77.87,54.28,46.02,14.33,True,0,395.0,,,"[384.0, 706.0, 395.0, nan]","[83.9, -44.1, nan]",0.0,1.9,"[28.3, 12.7, 83.8, -44.0, 1.9]",8.685512623327751,870.0,237049,"[886.0, 1109.0, 1162.0, nan]",45.5,"[13.46, 20.72, 10.37, nan]","[16.54, 8.77, 13.08, nan]",2741.0,173.0,,3.87,True
A058630,엠게임,"=HYPERLINK(""https://stock.naver.com/domestic/stock/058630"", ""A058630"")","=HYPERLINK(""http://comp.fnguide.com/SVO2/ASP/SVD_Consensus.asp?pGB=1&gicode=A058630&cID=&MenuYn=Y&ReportGB=&NewMenuID=108&stkGb=701"", ""엠게임"")",3,4340,0.0,7.75,9454,8278,7866,117.84,90.73,81.24,14.05,True,0,820.0,,,"[1119.0, 802.0, 820.0, nan]","[-28.3, 2.2, nan]",0.0,-18.8,"[5.6, -3.5, -28.4, 2.3, -18.8]",-9.529459828784525,833.0,71187,"[1139.0, 1242.0, 1369.0, nan]",20.14,"[21.13, 13.16, 12.28, nan]","[5.54, 6.45, 7.75, nan]",917.0,176.0,315000.0,3.49,True
A017370,우신시스템,"=HYPERLINK(""https://stock.naver.com/domestic/stock/017370"", ""A017370"")","=HYPERLINK(""http://comp.fnguide.com/SVO2/ASP/SVD_Consensus.asp?pGB=1&gicode=A017370&cID=&MenuYn=Y&ReportGB=&NewMenuID=108&stkGb=701"", ""우신시스템"")",3,4525,0.21,7.57,16768,13670,12586,270.56,202.1,178.14,16.48,True,1,819.0,1005.0,22.7,"[406.0, 1851.0, 819.0, 1005.0]","[355.9, -55.8, 22.7]",35.22141454527548,-74.7,"[nan, 168.4, 356.2, -55.7, -74.7]",0.0,829.0,63934,"[964.0, 1282.0, 1666.0, 2099.0]",36.69,"[7.97, 30.18, 10.18, 9.78]","[21.79, 3.08, 7.57, 4.5]",3886.0,209.0,3112273.0,0.48,True
A130580,나이스디앤비,"=HYPERLINK(""https://stock.naver.com/domestic/stock/130580"", ""A130580"")","=HYPERLINK(""http://comp.fnguide.com/SVO2/ASP/SVD_Consensus.asp?pGB=1&gicode=A130580&cID=&MenuYn=Y&ReportGB=&NewMenuID=108&stkGb=701"", ""나이스디앤비"")",3,5370,0.73,7.64,9779,8567,8143,82.1,59.53,51.63,14.03,False,1,839.0,909.0,8.3,"[674.0, 1185.0, 839.0, 909.0]","[75.8, -29.2, 8.3]",10.465550627005316,139.2,"[3.1, -24.2, 75.9, -29.2, 139.2]",18.41252136594227,827.0,8976,"[907.0, 1055.0, 1156.0, 1261.0]",34.97,"[11.89, 18.61, 11.69, 11.59]","[9.29, 4.07, 7.64, 5.91]",914.0,154.0,,3.53,True
A008260,NI스틸,"=HYPERLINK(""https://stock.naver.com/domestic/stock/008260"", ""A008260"")","=HYPERLINK(""http://comp.fnguide.com/SVO2/ASP/SVD_Consensus.asp?pGB=1&gicode=A008260&cID=&MenuYn=Y&ReportGB=&NewMenuID=108&stkGb=701"", ""NI스틸"")",3,2850,0.0,5.28,9871,9721,9668,246.36,241.09,239.24,11.09,True,0,663.0,,,"[1756.0, 899.0, 663.0, nan]","[-48.8, -26.3, nan]",0.0,-2.0,"[121.2, 2.9, -48.8, -26.2, -2.0]",-3.361411245299306,815.0,137632,"[2342.0, 2545.0, 2703.0, nan]",59.0,"[23.77, 10.53, 7.23, nan]","[3.42, 3.89, 5.28, nan]",2479.0,301.0,412813.0,2.86,True
A054670,대한뉴팜,"=HYPERLINK(""https://stock.naver.com/domestic/stock/054670"", ""A054670"")","=HYPERLINK(""http://comp.fnguide.com/SVO2/ASP/SVD_Consensus.asp?pGB=1&gicode=A054670&cID=&MenuYn=Y&ReportGB=&NewMenuID=108&stkGb=701"", ""대한뉴팜"")",3,5600,0.0,6.18,11209,10547,10315,100.17,88.34,84.2,12.11,False,0,1063.0,,,"[874.0, 1078.0, 1063.0, nan]","[23.3, -1.4, nan]",0.0,16.3,"[55.0, -48.4, 23.3, -1.4, 16.3]",2.489699837831272,804.0,74541,"[1094.0, 1254.0, 1399.0, nan]",40.85,"[11.81, 13.18, 11.5, nan]","[10.36, 6.38, 6.18, nan]",2024.0,117.0,319631.0,1.52,True
A010280,아이티센엔텍,"=HYPERLINK(""https://stock.naver.com/domestic/stock/010280"", ""A010280"")","=HYPERLINK(""http://comp.fnguide.com/SVO2/ASP/SVD_Consensus.asp?pGB=1&gicode=A010280&cID=&MenuYn=Y&ReportGB=&NewMenuID=108&stkGb=701"", ""아이티센엔텍"")",3,6000,0.03,2.75,14296,10742,9498,138.27,79.03,58.3,20.18,True,3,1768.0,2871.0,62.4,"[419.0, 895.0, 1768.0, 2871.0]","[113.6, 97.5, 62.4]",89.92616152071646,846.8,"[nan, -55.4, 113.8, 97.5, 846.8]",0.0,781.0,95550,"[637.0, 761.0, 994.0, 1367.0]",39.21,"[9.0, 16.68, 26.23, 31.68]","[10.7, 3.57, 2.75, 2.09]",5720.0,209.0,2.0,,True
A041930,SY동아,"=HYPERLINK(""https://stock.naver.com/domestic/stock/041930"", ""A041930"")","=HYPERLINK(""http://comp.fnguide.com/SVO2/ASP/SVD_Consensus.asp?pGB=1&gicode=A041930&cID=&MenuYn=Y&ReportGB=&NewMenuID=108&stkGb=701"", ""SY동아"")",3,5100,0.0,3.95,14872,13771,13385,191.61,170.02,162.46,12.51,True,0,1743.0,,,"[905.0, 923.0, 1743.0, nan]","[2.0, 88.8, nan]",0.0,-69.8,"[17.2, -7.0, 2.0, 88.9, -69.8]",-8.704383308860697,775.0,59659,"[1525.0, 1652.0, 1868.0, nan]",45.21,"[9.76, 9.18, 15.64, nan]","[9.1, 5.81, 3.95, nan]",4034.0,172.0,614367.0,4.36,True
A007980,TP,"=HYPERLINK(""https://stock.naver.com/domestic/stock/007980"", ""A007980"")","=HYPERLINK(""http://comp.fnguide.com/SVO2/ASP/SVD_Consensus.asp?pGB=1&gicode=A007980&cID=&MenuYn=Y&ReportGB=&NewMenuID=108&stkGb=701"", ""TP"")",3,1651,0.0,2.52,6484,6394,6363,292.71,287.28,285.38,11.06,True,0,747.0,,,"[119.0, 433.0, 747.0, nan]","[263.9, 72.5, nan]",0.0,44.1,"[nan, -77.0, 265.3, 72.5, 44.1]",0.0,774.0,297591,"[2073.0, 2413.0, 2846.0, nan]",33.25,"[2.96, 9.88, 14.54, nan]","[18.35, 3.26, 2.52, nan]",10290.0,620.0,1834070.0,3.98,True
A111380,동인기연,"=HYPERLINK(""https://stock.naver.com/domestic/stock/111380"", ""A111380"")","=HYPERLINK(""http://comp.fnguide.com/SVO2/ASP/SVD_Consensus.asp?pGB=1&gicode=A111380&cID=&MenuYn=Y&ReportGB=&NewMenuID=108&stkGb=701"", ""동인기연"")",3,12600,-2.24,7.3,27837,26690,26289,120.93,111.83,108.64,11.67,True,1,1880.0,3585.0,90.7,"[3960.0, 2836.0, 1880.0, 3585.0]","[-28.4, -33.7, 90.7]",-3.263044631396139,353.3,"[92.9, -30.1, -28.4, -33.7, 353.3]",23.74405249548861,772.0,7040,"[1318.0, 1486.0, 1522.0, 1687.0]",68.52,"[22.27, 12.39, 7.66, 13.69]","[5.37, 6.44, 7.3, 3.51]",2441.0,226.0,202778.0,4.95,True
A019540,일지테크,"=HYPERLINK(""https://stock.naver.com/domestic/stock/019540"", ""A019540"")","=HYPERLINK(""http://comp.fnguide.com/SVO2/ASP/SVD_Consensus.asp?pGB=1&gicode=A019540&cID=&MenuYn=Y&ReportGB=&NewMenuID=108&stkGb=701"", ""일지테크"")",3,5550,0.0,1.24,32125,22734,19447,478.83,309.62,250.39,23.83,True,0,3380.0,,,"[2390.0, 1666.0, 3380.0, nan]","[-30.3, 102.9, nan]",0.0,103.0,"[nan, nan, -30.3, 102.9, 103.0]",0.0,750.0,131363,"[1227.0, 1503.0, 1918.0, nan]",46.48,"[29.93, 16.49, 26.7, nan]","[1.57, 2.16, 1.24, nan]",8551.0,480.0,300374.0,3.58,True
A054040,한국컴퓨터,"=HYPERLINK(""https://stock.naver.com/domestic/stock/054040"", ""A054040"")","=HYPERLINK(""http://comp.fnguide.com/SVO2/ASP/SVD_Consensus.asp?pGB=1&gicode=A054040&cID=&MenuYn=Y&ReportGB=&NewMenuID=108&stkGb=701"", ""한국컴퓨터"")",3,4635,0.0,3.94,14235,13291,12960,207.12,186.75,179.61,12.3,False,0,1279.0,,,"[1350.0, 846.0, 1279.0, nan]","[-37.3, 51.2, nan]",0.0,333.9,"[10.4, 29.4, -37.4, 51.2, 333.9]",42.457010018629695,745.0,80026,"[1423.0, 1507.0, 1645.0, nan]",42.11,"[16.12, 9.28, 13.04, nan]","[3.91, 5.83, 3.94, nan]",4178.0,229.0,2873608.0,5.95,True
A265560,영화테크,"=HYPERLINK(""https://stock.naver.com/domestic/stock/265560"", ""A265560"")","=HYPERLINK(""http://comp.fnguide.com/SVO2/ASP/SVD_Consensus.asp?pGB=1&gicode=A265560&cID=&MenuYn=Y&ReportGB=&NewMenuID=108&stkGb=701"", ""영화테크"")",3,6920,0.0,3.85,16032,12102,10726,131.68,74.88,55.0,19.93,True,0,1783.0,,,"[570.0, 1312.0, 1783.0, nan]","[130.2, 35.9, nan]",0.0,168.6,"[89.0, 26.4, 130.0, 35.9, 168.6]",82.1597559846172,740.0,50798,"[627.0, 744.0, 926.0, nan]",49.14,"[10.2, 20.47, 22.82, nan]","[18.23, 5.02, 3.85, nan]",1086.0,180.0,,1.9,True
A020710,시공테크,"=HYPERLINK(""https://stock.naver.com/domestic/stock/020710"", ""A020710"")","=HYPERLINK(""http://comp.fnguide.com/SVO2/ASP/SVD_Consensus.asp?pGB=1&gicode=A020710&cID=&MenuYn=Y&ReportGB=&NewMenuID=108&stkGb=701"", ""시공테크"")",3,3640,0.0,2.73,15516,12488,11429,326.25,243.08,213.97,16.98,False,0,1521.0,,,"[415.0, 1520.0, 1521.0, nan]","[266.3, 0.1, nan]",0.0,,"[144.3, 20.1, 266.5, 0.1, nan]",0.0,730.0,197995,"[1320.0, 1575.0, 1856.0, nan]",43.19,"[6.49, 21.05, 17.77, nan]","[10.5, 2.66, 2.73, nan]",1684.0,151.0,1184705.0,8.15,True
A036640,HRS,"=HYPERLINK(""https://stock.naver.com/domestic/stock/036640"", ""A036640"")","=HYPERLINK(""http://comp.fnguide.com/SVO2/ASP/SVD_Consensus.asp?pGB=1&gicode=A036640&cID=&MenuYn=Y&ReportGB=&NewMenuID=108&stkGb=701"", ""HRS"")",3,4460,0.0,6.25,8412,8152,8061,88.62,82.78,80.74,11.43,True,0,827.0,,,"[740.0, 924.0, 827.0, nan]","[24.9, -10.5, nan]",0.0,-6.8,"[-51.8, 20.7, 24.8, -10.5, -6.8]",-9.543127477061919,729.0,107204,"[1145.0, 1226.0, 1296.0, nan]",45.04,"[10.96, 12.74, 10.72, nan]","[7.27, 5.01, 6.25, nan]",789.0,134.0,,5.8,True
A009180,한솔로지스틱스,"=HYPERLINK(""https://stock.naver.com/domestic/stock/009180"", ""A009180"")","=HYPERLINK(""http://comp.fnguide.com/SVO2/ASP/SVD_Consensus.asp?pGB=1&gicode=A009180&cID=&MenuYn=Y&ReportGB=&NewMenuID=108&stkGb=701"", ""한솔로지스틱스"")",3,2565,0.96,4.91,5178,5137,5123,101.87,100.28,99.72,10.93,True,2,563.0,781.0,38.7,"[672.0, 310.0, 563.0, 781.0]","[-53.9, 81.6, 38.7]",5.10686359889867,-15.9,"[3.2, -23.8, -53.9, 81.5, -15.9]",-11.161412699432184,722.0,293158,"[1181.0, 1299.0, 1436.0, nan]",40.05,"[16.82, 7.0, 11.59, 15.33]","[3.65, 6.71, 4.91, 3.28]",6746.0,207.0,6691.0,7.23,True
A448710,코츠테크놀로지,"=HYPERLINK(""https://stock.naver.com/domestic/stock/448710"", ""A448710"")","=HYPERLINK(""http://comp.fnguide.com/SVO2/ASP/SVD_Consensus.asp?pGB=1&gicode=A448710&cID=&MenuYn=Y&ReportGB=&NewMenuID=108&stkGb=701"", ""코츠테크놀로지"")",3,13580,0.0,11.93,20224,15734,14162,48.93,15.86,4.29,18.45,False,0,1402.0,,,"[1568.0, 1593.0, 1402.0, nan]","[1.6, -12.0, nan]",0.0,-11.2,"[11.0, 194.2, 1.6, -12.0, -11.2]",20.99042398196973,718.0,53374,"[366.0, 458.0, 538.0, nan]",20.85,"[26.63, 19.84, 14.8, nan]","[9.46, 9.3, 11.93, nan]",681.0,83.0,727750.0,0.9,True
A031820,아이티센씨티에스,"=HYPERLINK(""https://stock.naver.com/domestic/stock/031820"", ""A031820"")","=HYPERLINK(""http://comp.fnguide.com/SVO2/ASP/SVD_Consensus.asp?pGB=1&gicode=A031820&cID=&MenuYn=Y&ReportGB=&NewMenuID=108&stkGb=701"", ""아이티센씨티에스"")",3,5760,0.0,1.36,29984,24082,22016,420.55,318.09,282.23,17.07,True,0,4364.0,,,"[327.0, 1542.0, 4364.0, nan]","[371.6, 183.0, nan]",0.0,,"[663.4, -83.8, 372.2, 183.0, nan]",0.0,697.0,52348,"[1573.0, 1790.0, 2290.0, nan]",25.03,"[2.55, 11.1, 25.89, nan]","[23.39, 3.46, 1.36, nan]",10952.0,236.0,,,True
A187420,HLB제넥스,"=HYPERLINK(""https://stock.naver.com/domestic/stock/187420"", ""A187420"")","=HYPERLINK(""http://comp.fnguide.com/SVO2/ASP/SVD_Consensus.asp?pGB=1&gicode=A187420&cID=&MenuYn=Y&ReportGB=&NewMenuID=108&stkGb=701"", ""HLB제넥스"")",2,2110,0.0,3.42,4074,2571,2045,93.09,21.87,-3.06,34.92,False,0,775.0,,,"[-126.0, -772.0, 775.0, nan]","[512.7, -200.4, nan]",0.0,,"[nan, nan, nan, nan, nan]",0.0,687.0,83990,"[220.0, 238.0, 409.0, nan]",28.68,"[-12.85, -82.21, 69.85, nan]","[nan, nan, 3.42, nan]",434.0,12.0,,,True
A332370,아이디피,"=HYPERLINK(""https://stock.naver.com/domestic/stock/332370"", ""A332370"")","=HYPERLINK(""http://comp.fnguide.com/SVO2/ASP/SVD_Consensus.asp?pGB=1&gicode=A332370&cID=&MenuYn=Y&ReportGB=&NewMenuID=108&stkGb=701"", ""아이디피"")",3,4990,0.27,6.55,8769,7179,6623,75.73,43.87,32.72,16.32,False,1,776.0,859.0,10.7,"[451.0, 864.0, 776.0, 859.0]","[91.6, -10.2, 10.7]",23.957598579272755,60.8,"[142.7, -42.1, 91.6, -10.2, 60.8]",31.20223861519731,662.0,66072,"[542.0, 623.0, 690.0, 792.0]",60.06,"[11.42, 19.69, 15.7, 15.39]","[7.54, 4.27, 6.55, 5.81]",491.0,109.0,1352282.0,3.35,True
A036000,예림당,"=HYPERLINK(""https://stock.naver.com/domestic/stock/036000"", ""A036000"")","=HYPERLINK(""http://comp.fnguide.com/SVO2/ASP/SVD_Consensus.asp?pGB=1&gicode=A036000&cID=&MenuYn=Y&ReportGB=&NewMenuID=108&stkGb=701"", ""예림당"")",3,2860,0.0,0.6,35646,22558,17977,1146.36,688.74,528.56,34.57,True,0,5479.0,,,"[391.0, -379.0, 5479.0, nan]","[-196.9, -1545.6, nan]",0.0,,"[-9.1, -39.9, nan, nan, nan]",0.0,659.0,69107,"[1308.0, 1221.0, 2558.0, nan]",54.26,"[7.08, -6.9, 66.78, nan]","[4.55, nan, 0.6, nan]",103.0,-14.0,,,True
A417790,트루엔,"=HYPERLINK(""https://stock.naver.com/domestic/stock/417790"", ""A417790"")","=HYPERLINK(""http://comp.fnguide.com/SVO2/ASP/SVD_Consensus.asp?pGB=1&gicode=A417790&cID=&MenuYn=Y&ReportGB=&NewMenuID=108&stkGb=701"", ""트루엔"")",3,6230,0.0,7.45,13336,11906,11405,114.05,91.1,83.07,13.48,False,0,1104.0,,,"[1088.0, 1306.0, 1104.0, nan]","[20.0, -15.5, nan]",0.0,-29.4,"[-10.4, 20.1, 20.0, -15.5, -29.4]",-5.084151465623899,652.0,18112,"[895.0, 991.0, 1094.0, nan]",43.84,"[15.59, 15.23, 11.61, nan]","[10.86, 7.66, 7.45, nan]",491.0,133.0,200569.0,2.43,True
A478560,블랙야크아이앤씨,"=HYPERLINK(""https://stock.naver.com/domestic/stock/478560"", ""A478560"")","=HYPERLINK(""http://comp.fnguide.com/SVO2/ASP/SVD_Consensus.asp?pGB=1&gicode=A478560&cID=&MenuYn=Y&ReportGB=&NewMenuID=108&stkGb=701"", ""블랙야크아이앤씨"")",1,2500,0.0,,3347,2354,2006,33.9,-5.83,-19.74,24.28,False,0,-222.0,,,"[270.0, 293.0, -222.0, nan]","[8.5, -175.8, nan]",0.0,,"[nan, 55.8, 8.6, nan, nan]",0.0,646.0,52162,"[119.0, 228.0, 383.0, nan]",76.2,"[65.11, 40.28, -18.78, nan]","[nan, nan, nan, nan]",573.0,93.0,38159.0,9.12,True
A215360,우리산업,"=HYPERLINK(""https://stock.naver.com/domestic/stock/215360"", ""A215360"")","=HYPERLINK(""http://comp.fnguide.com/SVO2/ASP/SVD_Consensus.asp?pGB=1&gicode=A215360&cID=&MenuYn=Y&ReportGB=&NewMenuID=108&stkGb=701"", ""우리산업"")",3,7030,0.0,5.34,16661,14830,14189,137.0,110.95,101.84,13.56,True,0,1536.0,,,"[1939.0, 1438.0, 1536.0, nan]","[-25.8, 6.8, nan]",0.0,154.4,"[nan, nan, -25.8, 6.9, 154.4]",0.0,642.0,36600,"[984.0, 1092.0, 1208.0, nan]",39.46,"[19.49, 12.65, 12.2, nan]","[7.26, 6.95, 5.34, nan]",5320.0,187.0,,2.44,True
A009770,삼정펄프,"=HYPERLINK(""https://stock.naver.com/domestic/stock/009770"", ""A009770"")","=HYPERLINK(""http://comp.fnguide.com/SVO2/ASP/SVD_Consensus.asp?pGB=1&gicode=A009770&cID=&MenuYn=Y&ReportGB=&NewMenuID=108&stkGb=701"", ""삼정펄프"")",3,25700,0.0,2.48,128019,120970,118502,398.13,370.7,361.1,12.01,False,0,12556.0,,,"[5241.0, 15182.0, 12556.0, nan]","[189.7, -17.3, nan]",0.0,,"[nan, nan, 189.7, -17.3, nan]",0.0,642.0,429,"[2233.0, 2583.0, 2870.0, nan]",73.93,"[6.01, 15.76, 11.51, nan]","[4.76, 1.69, 2.48, nan]",1486.0,-14.0,,3.22,True
A453860,에이에스텍,"=HYPERLINK(""https://stock.naver.com/domestic/stock/453860"", ""A453860"")","=HYPERLINK(""http://comp.fnguide.com/SVO2/ASP/SVD_Consensus.asp?pGB=1&gicode=A453860&cID=&MenuYn=Y&ReportGB=&NewMenuID=108&stkGb=701"", ""에이에스텍"")",1,9900,0.0,42.34,10643,9865,9593,7.5,-0.35,-3.1,12.48,True,0,380.0,,,"[1545.0, 1677.0, 380.0, nan]","[8.5, -77.3, nan]",0.0,,"[255.3, 160.7, 8.5, -77.3, nan]",0.0,638.0,27307,"[468.0, 565.0, 589.0, nan]",44.04,"[26.95, 18.37, 3.73, nan]","[22.65, 11.22, 42.34, nan]",246.0,-1.0,31415.0,3.1,True
A037440,희림,"=HYPERLINK(""https://stock.naver.com/domestic/stock/037440"", ""A037440"")","=HYPERLINK(""http://comp.fnguide.com/SVO2/ASP/SVD_Consensus.asp?pGB=1&gicode=A037440&cID=&MenuYn=Y&ReportGB=&NewMenuID=108&stkGb=701"", ""희림"")",3,4565,2.17,8.22,7404,7068,6951,62.18,54.83,52.26,11.77,False,0,561.0,496.0,-11.6,"[444.0, 928.0, 561.0, 496.0]","[109.0, -39.5, -11.6]",3.7810296696700663,-66.3,"[15.7, -13.7, 109.1, -39.5, -66.3]",-15.70211226043352,636.0,293771,"[705.0, 820.0, 875.0, 923.0]",19.27,"[9.08, 16.94, 9.22, 7.68]","[17.4, 5.35, 8.22, 9.21]",2319.0,91.0,1006555.0,2.17,True
A010770,평화홀딩스,"=HYPERLINK(""https://stock.naver.com/domestic/stock/010770"", ""A010770"")","=HYPERLINK(""http://comp.fnguide.com/SVO2/ASP/SVD_Consensus.asp?pGB=1&gicode=A010770&cID=&MenuYn=Y&ReportGB=&NewMenuID=108&stkGb=701"", ""평화홀딩스"")",3,4205,0.0,1.6,14340,11414,10390,241.03,171.45,147.09,17.44,True,0,2375.0,,,"[560.0, 107.0, 2375.0, nan]","[-80.9, 2119.6, nan]",0.0,219.6,"[nan, nan, -80.9, 2125.4, 219.6]",0.0,615.0,61859,"[1042.0, 954.0, 1274.0, nan]",52.07,"[8.0, 1.56, 31.18, nan]","[5.76, 23.66, 1.6, nan]",8837.0,349.0,236505.0,3.96,True
A003780,진양산업,"=HYPERLINK(""https://stock.naver.com/domestic/stock/003780"", ""A003780"")","=HYPERLINK(""http://comp.fnguide.com/SVO2/ASP/SVD_Consensus.asp?pGB=1&gicode=A003780&cID=&MenuYn=Y&ReportGB=&NewMenuID=108&stkGb=701"", ""진양산업"")",3,4705,0.0,12.61,6431,5754,5517,36.68,22.29,17.26,13.42,False,0,534.0,,,"[654.0, 773.0, 534.0, nan]","[18.2, -30.9, nan]",0.0,-9.4,"[-1.0, 38.5, 18.2, -30.9, -9.4]",0.2909483277879321,612.0,307623,"[570.0, 644.0, 671.0, nan]",51.21,"[15.7, 16.55, 10.57, nan]","[10.53, 11.19, 12.61, nan]",907.0,84.0,,5.31,True
A018500,동원금속,"=HYPERLINK(""https://stock.naver.com/domestic/stock/018500"", ""A018500"")","=HYPERLINK(""http://comp.fnguide.com/SVO2/ASP/SVD_Consensus.asp?pGB=1&gicode=A018500&cID=&MenuYn=Y&ReportGB=&NewMenuID=108&stkGb=701"", ""동원금속"")",3,1290,0.0,3.52,5034,3867,3458,290.27,199.76,168.08,19.06,True,0,453.0,,,"[389.0, 391.0, 453.0, nan]","[0.5, 15.9, nan]",0.0,223.8,"[nan, -19.8, 0.6, 15.8, 223.8]",0.0,603.0,279558,"[897.0, 1065.0, 1330.0, nan]",22.28,"[24.04, 18.63, 17.68, nan]","[2.43, 4.48, 3.52, nan]",6262.0,420.0,10128.0,3.13,True
A010240,흥국,"=HYPERLINK(""https://stock.naver.com/domestic/stock/010240"", ""A010240"")","=HYPERLINK(""http://comp.fnguide.com/SVO2/ASP/SVD_Consensus.asp?pGB=1&gicode=A010240&cID=&MenuYn=Y&ReportGB=&NewMenuID=108&stkGb=701"", ""흥국"")",3,5120,0.0,5.24,10552,10418,10371,106.09,103.47,102.55,11.03,True,0,992.0,,,"[1070.0, 856.0, 992.0, nan]","[-20.0, 15.9, nan]",0.0,64.0,"[-27.9, 54.2, -20.0, 15.9, 64.0]",11.072713525866206,599.0,43421,"[993.0, 1092.0, 1183.0, nan]",53.27,"[13.77, 10.12, 10.73, nan]","[5.54, 6.21, 5.24, nan]",1370.0,149.0,220791.0,5.38,True
A039420,케이엘넷,"=HYPERLINK(""https://stock.naver.com/domestic/stock/039420"", ""A039420"")","=HYPERLINK(""http://comp.fnguide.com/SVO2/ASP/SVD_Consensus.asp?pGB=1&gicode=A039420&cID=&MenuYn=Y&ReportGB=&NewMenuID=108&stkGb=701"", ""케이엘넷"")",3,2520,0.0,7.47,4508,3848,3616,78.89,52.68,43.5,14.85,True,0,385.0,,,"[315.0, 355.0, 385.0, nan]","[12.7, 8.5, nan]",0.0,-11.0,"[15.4, 10.8, 12.7, 8.4, -11.0]",6.811436233794166,578.0,122274,"[550.0, 592.0, 660.0, nan]",29.59,"[14.53, 15.01, 14.85, nan]","[8.43, 7.24, 7.47, nan]",476.0,105.0,2760437.0,3.48,True
A045340,토탈소프트,"=HYPERLINK(""https://stock.naver.com/domestic/stock/045340"", ""A045340"")","=HYPERLINK(""http://comp.fnguide.com/SVO2/ASP/SVD_Consensus.asp?pGB=1&gicode=A045340&cID=&MenuYn=Y&ReportGB=&NewMenuID=108&stkGb=701"", ""토탈소프트"")",2,6660,0.0,7.13,10098,7064,6001,51.63,6.06,-9.89,24.67,True,0,997.0,,,"[442.0, 713.0, 997.0, nan]","[61.3, 39.8, nan]",0.0,92.3,"[-12.4, 43.0, 61.5, 39.8, 92.3]",40.313618676076125,570.0,92007,"[219.0, 274.0, 366.0, nan]",30.73,"[18.58, 24.76, 26.65, nan]","[10.01, 13.22, 7.13, nan]",275.0,94.0,254442.0,1.41,True
A378850,화승알앤에이,"=HYPERLINK(""https://stock.naver.com/domestic/stock/378850"", ""A378850"")","=HYPERLINK(""http://comp.fnguide.com/SVO2/ASP/SVD_Consensus.asp?pGB=1&gicode=A378850&cID=&MenuYn=Y&ReportGB=&NewMenuID=108&stkGb=701"", ""화승알앤에이"")",3,2995,0.0,3.41,14605,11503,10417,387.66,284.08,247.82,17.9,True,0,960.0,,,"[1275.0, 1707.0, 960.0, nan]","[33.9, -43.8, nan]",0.0,115.5,"[52.7, 90.9, 33.9, -43.8, 115.5]",36.43375321972242,569.0,71284,"[1125.0, 1505.0, 1669.0, nan]",55.97,"[23.6, 24.66, 11.49, nan]","[3.25, 1.76, 3.41, nan]",7146.0,271.0,2837.0,2.29,True
A100030,인지소프트,"=HYPERLINK(""https://stock.naver.com/domestic/stock/100030"", ""A100030"")","=HYPERLINK(""http://comp.fnguide.com/SVO2/ASP/SVD_Consensus.asp?pGB=1&gicode=A100030&cID=&MenuYn=Y&ReportGB=&NewMenuID=108&stkGb=701"", ""인지소프트"")",3,16960,0.0,3.07,53790,39855,34977,217.16,134.99,106.23,20.94,True,0,6513.0,,,"[1629.0, 798.0, 6513.0, nan]","[-51.0, 716.2, nan]",0.0,513.5,"[-60.7, 43.3, -51.0, 715.8, 513.5]",69.06223956450437,557.0,5753,"[533.0, 524.0, 695.0, nan]",35.67,"[10.44, 4.96, 35.1, nan]","[10.31, 21.42, 3.07, nan]",189.0,23.0,771157.0,5.64,True
A054930,유신,"=HYPERLINK(""https://stock.naver.com/domestic/stock/054930"", ""A054930"")","=HYPERLINK(""http://comp.fnguide.com/SVO2/ASP/SVD_Consensus.asp?pGB=1&gicode=A054930&cID=&MenuYn=Y&ReportGB=&NewMenuID=108&stkGb=701"", ""유신"")",3,18550,0.0,6.46,58717,54974,53665,216.53,196.36,189.3,12.23,False,0,3507.0,,,"[6698.0, 8141.0, 3507.0, nan]","[21.5, -56.9, nan]",0.0,-85.3,"[51.4, 9.7, 21.5, -56.9, -85.3]",-33.726382467711446,557.0,18525,"[1270.0, 1477.0, 1551.0, nan]",49.33,"[16.98, 17.78, 6.95, nan]","[4.93, 2.87, 6.46, nan]",3855.0,92.0,,3.97,True
A046940,우원개발,"=HYPERLINK(""https://stock.naver.com/domestic/stock/046940"", ""A046940"")","=HYPERLINK(""http://comp.fnguide.com/SVO2/ASP/SVD_Consensus.asp?pGB=1&gicode=A046940&cID=&MenuYn=Y&ReportGB=&NewMenuID=108&stkGb=701"", ""우원개발"")",3,3070,0.0,1.33,15185,11710,10494,394.62,281.44,241.83,18.86,True,0,2654.0,,,"[82.0, 41.0, 2654.0, nan]","[-50.0, 6373.2, nan]",0.0,93.4,"[216.7, -60.5, -50.1, 6416.7, 93.4]",139.42306191091717,555.0,274605,"[1033.0, 1041.0, 1567.0, nan]",34.98,"[1.42, 0.71, 36.78, nan]","[38.35, 59.79, 1.33, nan]",3763.0,672.0,,3.4,True
A198080,캐프,"=HYPERLINK(""https://stock.naver.com/domestic/stock/198080"", ""A198080"")","=HYPERLINK(""http://comp.fnguide.com/SVO2/ASP/SVD_Consensus.asp?pGB=1&gicode=A198080&cID=&MenuYn=Y&ReportGB=&NewMenuID=108&stkGb=701"", ""캐프"")",3,2570,0.0,2.4,8257,7112,6712,221.27,176.74,161.16,14.55,False,0,904.0,,,"[153.0, 886.0, 904.0, nan]","[479.1, 2.0, nan]",0.0,12.8,"[nan, nan, 477.3, 2.0, 12.8]",0.0,553.0,126445,"[930.0, 1159.0, 1316.0, nan]",64.08,"[3.58, 18.27, 15.73, nan]","[14.43, 2.7, 2.4, nan]",2952.0,243.0,,,True
A007370,진양제약,"=HYPERLINK(""https://stock.naver.com/domestic/stock/007370"", ""A007370"")","=HYPERLINK(""http://comp.fnguide.com/SVO2/ASP/SVD_Consensus.asp?pGB=1&gicode=A007370&cID=&MenuYn=Y&ReportGB=&NewMenuID=108&stkGb=701"", ""진양제약"")",3,3870,0.0,3.19,20932,15802,14006,440.89,308.32,261.92,19.93,False,0,1577.0,,,"[1027.0, 2347.0, 1577.0, nan]","[128.5, -32.8, nan]",0.0,-8.0,"[29.1, 0.1, 128.6, -32.8, -8.0]",12.802501137455025,547.0,56448,"[888.0, 1199.0, 1599.0, nan]",26.15,"[14.84, 28.47, 15.93, nan]","[6.03, 2.48, 3.19, nan]",1207.0,25.0,,2.98,True
A0013V0,삼진식품,"=HYPERLINK(""https://stock.naver.com/domestic/stock/0013V0"", ""A0013V0"")","=HYPERLINK(""http://comp.fnguide.com/SVO2/ASP/SVD_Consensus.asp?pGB=1&gicode=A0013V0&cID=&MenuYn=Y&ReportGB=&NewMenuID=108&stkGb=701"", ""삼진식품"")",3,5300,0.0,18.79,8731,6328,5486,64.74,19.39,3.52,22.26,False,0,740.0,,,"[-69.0, 194.0, 740.0, nan]","[-381.2, 281.4, nan]",0.0,7.7,"[-93.6, nan, nan, 281.6, 7.7]",0.0,526.0,78620,"[15.0, 47.0, 419.0, nan]",52.43,"[0, 33.27, 22.34, nan, 16.85]","[nan, nan, 18.79, nan]",1095.0,60.0,,,True
A038010,제일테크노스,"=HYPERLINK(""https://stock.naver.com/domestic/stock/038010"", ""A038010"")","=HYPERLINK(""http://comp.fnguide.com/SVO2/ASP/SVD_Consensus.asp?pGB=1&gicode=A038010&cID=&MenuYn=Y&ReportGB=&NewMenuID=108&stkGb=701"", ""제일테크노스"")",3,5680,0.0,5.29,21521,19112,18268,278.9,236.48,221.63,13.63,True,0,1104.0,,,"[2876.0, 2296.0, 1104.0, nan]","[-20.2, -51.9, nan]",0.0,154.4,"[1346.0, 139.5, -20.2, -51.9, 154.4]",102.2217093440422,511.0,19876,"[1132.0, 1318.0, 1414.0, nan]",44.92,"[26.24, 16.87, 7.27, nan]","[2.94, 2.48, 5.29, nan]",1336.0,71.0,684000.0,2.05,True
A459550,알트,"=HYPERLINK(""https://stock.naver.com/domestic/stock/459550"", ""A459550"")","=HYPERLINK(""http://comp.fnguide.com/SVO2/ASP/SVD_Consensus.asp?pGB=1&gicode=A459550&cID=&MenuYn=Y&ReportGB=&NewMenuID=108&stkGb=701"", ""알트"")",3,2020,0.0,18.51,5878,3781,3048,190.98,87.2,50.87,32.52,False,0,203.0,,,"[596.0, 655.0, 203.0, nan]","[9.9, -69.0, nan]",0.0,,"[nan, nan, 9.9, -69.1, nan]",0.0,509.0,26365254,"[23.0, 291.0, 483.0, nan]",27.11,"[0, 77.87, 13.12, nan, -8.79]","[nan, nan, 18.51, nan]",1129.0,90.0,411236.0,,True
A053270,구영테크,"=HYPERLINK(""https://stock.naver.com/domestic/stock/053270"", ""A053270"")","=HYPERLINK(""http://comp.fnguide.com/SVO2/ASP/SVD_Consensus.asp?pGB=1&gicode=A053270&cID=&MenuYn=Y&ReportGB=&NewMenuID=108&stkGb=701"", ""구영테크"")",3,1826,0.0,2.5,8519,6972,6430,366.53,281.81,252.16,16.33,True,0,823.0,,,"[680.0, 665.0, 823.0, nan]","[-2.2, 23.8, nan]",0.0,42.9,"[27.0, 351.6, -2.3, 23.9, 42.9]",58.23813315821038,501.0,141677,"[1066.0, 1305.0, 1540.0, nan]",45.7,"[19.63, 15.37, 15.87, nan]","[4.34, 2.98, 2.5, nan]",4262.0,243.0,,3.4,True
A001620,케이비아이동국실업,"=HYPERLINK(""https://stock.naver.com/domestic/stock/001620"", ""A001620"")","=HYPERLINK(""http://comp.fnguide.com/SVO2/ASP/SVD_Consensus.asp?pGB=1&gicode=A001620&cID=&MenuYn=Y&ReportGB=&NewMenuID=108&stkGb=701"", ""케이비아이동국실업"")",3,2245,0.0,1.74,12417,12103,11994,453.08,439.13,434.24,11.3,True,0,1417.0,,,"[342.0, 1147.0, 1417.0, nan]","[235.4, 23.5, nan]",0.0,,"[nan, 48.2, 235.7, 23.6, nan]",0.0,500.0,49006,"[1921.0, 2216.0, 2633.0, nan]",48.46,"[4.12, 12.34, 13.01, nan]","[8.71, 2.12, 1.74, nan]",8080.0,186.0,,,True
A004920,씨아이테크,"=HYPERLINK(""https://stock.naver.com/domestic/stock/004920"", ""A004920"")","=HYPERLINK(""http://comp.fnguide.com/SVO2/ASP/SVD_Consensus.asp?pGB=1&gicode=A004920&cID=&MenuYn=Y&ReportGB=&NewMenuID=108&stkGb=701"", ""씨아이테크"")",3,951,0.0,3.69,1496,1451,1435,57.34,52.56,50.89,11.42,True,0,290.0,,,"[-164.0, -2.0, 290.0, nan]","[-98.8, -14600.0, nan]",0.0,2255.2,"[nan, nan, nan, nan, 2255.2]",0.0,496.0,302534,"[549.0, 548.0, 732.0, nan]",26.16,"[-15.1, -0.17, 22.84, nan]","[nan, nan, 3.69, nan]",415.0,20.0,306184.0,,True
A053980,오상자이엘,"=HYPERLINK(""https://stock.naver.com/domestic/stock/053980"", ""A053980"")","=HYPERLINK(""http://comp.fnguide.com/SVO2/ASP/SVD_Consensus.asp?pGB=1&gicode=A053980&cID=&MenuYn=Y&ReportGB=&NewMenuID=108&stkGb=701"", ""오상자이엘"")",3,2585,0.0,6.28,6261,5989,5893,142.21,131.67,127.98,11.73,True,0,546.0,,,"[1257.0, 335.0, 546.0, nan]","[-73.3, 63.0, nan]",0.0,-31.0,"[84.6, 182.9, -73.4, 63.1, -31.0]",9.347753859782394,491.0,50495,"[958.0, 1041.0, 1091.0, nan]",37.4,"[28.45, 6.36, 9.73, nan]","[4.41, 10.03, 6.28, nan]",1364.0,110.0,10085.0,4.37,True
A099410,동방선기,"=HYPERLINK(""https://stock.naver.com/domestic/stock/099410"", ""A099410"")","=HYPERLINK(""http://comp.fnguide.com/SVO2/ASP/SVD_Consensus.asp?pGB=1&gicode=A099410&cID=&MenuYn=Y&ReportGB=&NewMenuID=108&stkGb=701"", ""동방선기"")",3,3445,0.0,7.94,5422,4435,4089,57.37,28.72,18.7,16.35,True,0,568.0,,,"[354.0, 433.0, 568.0, nan]","[22.3, 31.2, nan]",0.0,379.8,"[20.9, 274.6, 22.4, 31.0, 379.8]",103.43300120443892,482.0,128982,"[351.0, 418.0, 498.0, nan]",33.92,"[14.67, 15.71, 17.34, nan]","[6.51, 7.05, 7.94, nan]",419.0,93.0,53945.0,,True
A090080,평화산업,"=HYPERLINK(""https://stock.naver.com/domestic/stock/090080"", ""A090080"")","=HYPERLINK(""http://comp.fnguide.com/SVO2/ASP/SVD_Consensus.asp?pGB=1&gicode=A090080&cID=&MenuYn=Y&ReportGB=&NewMenuID=108&stkGb=701"", ""평화산업"")",3,868,0.0,3.29,1974,1525,1367,127.47,75.65,57.52,18.8,True,0,286.0,,,"[66.0, 70.0, 286.0, nan]","[6.1, 308.6, nan]",0.0,488.3,"[2865.6, -40.3, 5.5, 309.8, 488.3]",239.39233771238713,477.0,266170,"[434.0, 461.0, 621.0, nan]",55.68,"[8.57, 8.57, 29.03, nan]","[20.06, 12.75, 3.29, nan]",6261.0,133.0,,,True
A318160,셀바이오휴먼텍,"=HYPERLINK(""https://stock.naver.com/domestic/stock/318160"", ""A318160"")","=HYPERLINK(""http://comp.fnguide.com/SVO2/ASP/SVD_Consensus.asp?pGB=1&gicode=A318160&cID=&MenuYn=Y&ReportGB=&NewMenuID=108&stkGb=701"", ""셀바이오휴먼텍"")",3,5020,0.0,8.7,7398,7096,6990,47.38,41.35,39.24,11.67,False,0,939.0,,,"[-198.0, 473.0, 939.0, nan]","[-338.9, 98.5, nan]",0.0,37.2,"[-2.5, nan, nan, 98.7, 37.2]",0.0,469.0,30403,"[446.0, 464.0, 567.0, nan]",35.88,"[-4.84, 9.63, 16.91, nan]","[nan, 6.66, 8.7, nan]",511.0,93.0,1036721.0,,True
A466410,사이냅소프트,"=HYPERLINK(""https://stock.naver.com/domestic/stock/466410"", ""A466410"")","=HYPERLINK(""http://comp.fnguide.com/SVO2/ASP/SVD_Consensus.asp?pGB=1&gicode=A466410&cID=&MenuYn=Y&ReportGB=&NewMenuID=108&stkGb=701"", ""사이냅소프트"")",3,8840,0.0,11.08,15774,15062,14812,78.44,70.38,67.56,11.77,True,0,1132.0,,,"[1555.0, 1449.0, 1132.0, nan]","[-6.8, -21.9, nan]",0.0,22.0,"[nan, 40.8, -6.8, -21.9, 22.0]",0.0,445.0,62264,"[334.0, 640.0, 697.0, nan]",44.14,"[20.41, 12.3, 8.53, nan]","[nan, 11.38, 11.08, nan]",135.0,47.0,209549.0,,True
A465480,인스피언,"=HYPERLINK(""https://stock.naver.com/domestic/stock/465480"", ""A465480"")","=HYPERLINK(""http://comp.fnguide.com/SVO2/ASP/SVD_Consensus.asp?pGB=1&gicode=A465480&cID=&MenuYn=Y&ReportGB=&NewMenuID=108&stkGb=701"", ""인스피언"")",3,4325,0.0,20.04,6239,6022,5947,44.25,39.25,37.5,11.52,True,0,264.0,,,"[668.0, 507.0, 264.0, nan]","[-24.1, -47.9, nan]",0.0,-7.3,"[nan, 81.5, -24.2, -39.3, -7.3]",0.0,438.0,30989,"[189.0, 527.0, 560.0, nan]",72.66,"[30.83, 11.76, 4.92, nan]","[nan, 15.0, 20.04, nan]",200.0,26.0,537733.0,1.89,True
A178780,일월지엠엘,"=HYPERLINK(""https://stock.naver.com/domestic/stock/178780"", ""A178780"")","=HYPERLINK(""http://comp.fnguide.com/SVO2/ASP/SVD_Consensus.asp?pGB=1&gicode=A178780&cID=&MenuYn=Y&ReportGB=&NewMenuID=108&stkGb=701"", ""일월지엠엘"")",3,2345,0.0,9.87,3688,2920,2651,57.28,24.53,13.07,17.67,True,0,284.0,,,"[-532.0, 431.0, 284.0, nan]","[-181.0, -34.1, nan]",0.0,-7.6,"[nan, nan, nan, -34.3, -7.6]",0.0,437.0,15260,"[134.0, 334.0, 419.0, nan]",45.69,"[-66.79, 31.96, 14.03, nan]","[nan, 11.01, 9.87, nan]",339.0,20.0,2215.0,8.93,True
A003080,SB성보,"=HYPERLINK(""https://stock.naver.com/domestic/stock/003080"", ""A003080"")","=HYPERLINK(""http://comp.fnguide.com/SVO2/ASP/SVD_Consensus.asp?pGB=1&gicode=A003080&cID=&MenuYn=Y&ReportGB=&NewMenuID=108&stkGb=701"", ""SB성보"")",3,2170,0.0,1.63,9093,8425,8192,319.02,288.27,277.5,12.49,False,0,1721.0,,,"[64.0, -172.0, 1721.0, nan]","[-368.8, -1100.6, nan]",0.0,-12.2,"[195.1, -68.2, nan, nan, -12.2]",0.0,434.0,26094,"[1328.0, 1258.0, 1536.0, nan]",48.62,"[0.95, -2.66, 24.66, nan]","[45.92, nan, 1.63, nan]",643.0,-81.0,431979.0,7.32,True
A035460,기산텔레콤,"=HYPERLINK(""https://stock.naver.com/domestic/stock/035460"", ""A035460"")","=HYPERLINK(""http://comp.fnguide.com/SVO2/ASP/SVD_Consensus.asp?pGB=1&gicode=A035460&cID=&MenuYn=Y&ReportGB=&NewMenuID=108&stkGb=701"", ""기산텔레콤"")",3,2740,0.0,6.6,3773,3712,3691,37.69,35.49,34.71,11.1,False,0,290.0,,,"[223.0, 481.0, 290.0, nan]","[115.7, -39.7, nan]",0.0,490.6,"[nan, 7.5, 115.3, -39.6, 490.6]",0.0,409.0,197853,"[388.0, 467.0, 546.0, nan]",34.41,"[8.76, 16.39, 8.36, nan]","[11.39, 3.64, 6.6, nan]",995.0,81.0,,,True
A307280,원바이오젠,"=HYPERLINK(""https://stock.naver.com/domestic/stock/307280"", ""A307280"")","=HYPERLINK(""http://comp.fnguide.com/SVO2/ASP/SVD_Consensus.asp?pGB=1&gicode=A307280&cID=&MenuYn=Y&ReportGB=&NewMenuID=108&stkGb=701"", ""원바이오젠"")",3,5750,0.0,7.36,9810,7924,7264,70.61,37.81,26.33,16.84,False,0,907.0,,,"[752.0, 770.0, 907.0, nan]","[2.4, 17.8, nan]",0.0,40.0,"[nan, 71.0, 2.4, 17.9, 40.0]",0.0,408.0,27135,"[322.0, 372.0, 427.0, nan]",32.76,"[18.61, 16.39, 16.55, nan]","[11.32, 7.46, 7.36, nan]",352.0,79.0,288630.0,2.1,True
A025880,케이씨피드,"=HYPERLINK(""https://stock.naver.com/domestic/stock/025880"", ""A025880"")","=HYPERLINK(""http://comp.fnguide.com/SVO2/ASP/SVD_Consensus.asp?pGB=1&gicode=A025880&cID=&MenuYn=Y&ReportGB=&NewMenuID=108&stkGb=701"", ""케이씨피드"")",3,2430,0.0,4.35,5615,5327,5226,131.06,119.2,115.05,11.92,True,0,618.0,,,"[397.0, 409.0, 618.0, nan]","[3.0, 51.1, nan]",0.0,9.4,"[4.3, 57.9, 3.1, 51.2, 9.4]",22.94159504940336,406.0,95126,"[656.0, 712.0, 801.0, nan]",27.31,"[10.51, 9.99, 13.67, nan]","[6.28, 6.42, 4.35, nan]",1218.0,122.0,930722.0,6.13,True
A012280,영화금속,"=HYPERLINK(""https://stock.naver.com/domestic/stock/012280"", ""A012280"")","=HYPERLINK(""http://comp.fnguide.com/SVO2/ASP/SVD_Consensus.asp?pGB=1&gicode=A012280&cID=&MenuYn=Y&ReportGB=&NewMenuID=108&stkGb=701"", ""영화금속"")",3,812,0.0,4.04,2165,1905,1814,166.67,134.6,123.38,13.91,True,0,235.0,,,"[141.0, 167.0, 235.0, nan]","[18.4, 40.7, nan]",0.0,33.1,"[nan, 1505.4, 18.3, 41.0, 33.1]",0.0,402.0,156148,"[675.0, 730.0, 815.0, nan]",27.17,"[11.57, 12.32, 15.74, nan]","[6.28, 5.39, 4.04, nan]",3514.0,152.0,930000.0,3.68,True
A020180,대신정보통신,"=HYPERLINK(""https://stock.naver.com/domestic/stock/020180"", ""A020180"")","=HYPERLINK(""http://comp.fnguide.com/SVO2/ASP/SVD_Consensus.asp?pGB=1&gicode=A020180&cID=&MenuYn=Y&ReportGB=&NewMenuID=108&stkGb=701"", ""대신정보통신"")",3,993,0.0,7.86,1387,1187,1117,39.67,19.55,12.51,14.76,True,0,149.0,,,"[-1.0, 170.0, 149.0, nan]","[-17100.0, -12.4, nan]",0.0,140.1,"[21.3, nan, nan, -12.3, 140.1]",0.0,382.0,620768,"[286.0, 344.0, 389.0, nan]",21.32,"[-0.17, 20.78, 15.66, nan]","[nan, 6.52, 7.86, nan]",2029.0,91.0,,2.56,True
A052460,아이크래프트,"=HYPERLINK(""https://stock.naver.com/domestic/stock/052460"", ""A052460"")","=HYPERLINK(""http://comp.fnguide.com/SVO2/ASP/SVD_Consensus.asp?pGB=1&gicode=A052460&cID=&MenuYn=Y&ReportGB=&NewMenuID=108&stkGb=701"", ""아이크래프트"")",3,2605,0.0,3.81,5138,4438,4192,97.24,70.35,60.94,14.47,True,0,695.0,,,"[312.0, -63.0, 695.0, nan]","[-120.2, -1203.2, nan]",0.0,,"[-76.0, 802.9, nan, nan, nan]",0.0,381.0,227319,"[377.0, 358.0, 465.0, nan]",21.1,"[12.86, -2.52, 24.65, nan]","[12.06, nan, 3.81, nan]",2065.0,80.0,2450000.0,3.78,True
A066360,체리부로,"=HYPERLINK(""https://stock.naver.com/domestic/stock/066360"", ""A066360"")","=HYPERLINK(""http://comp.fnguide.com/SVO2/ASP/SVD_Consensus.asp?pGB=1&gicode=A066360&cID=&MenuYn=Y&ReportGB=&NewMenuID=108&stkGb=701"", ""체리부로"")",3,793,0.0,1.52,3228,2626,2416,307.06,231.2,204.65,16.55,True,0,496.0,,,"[291.0, -190.0, 496.0, nan]","[-165.3, -361.1, nan]",0.0,,"[nan, 57.5, nan, nan, nan]",0.0,380.0,119451,"[835.0, 756.0, 1007.0, nan]",63.95,"[18.33, -11.43, 27.0, nan]","[4.67, nan, 1.52, nan]",4054.0,285.0,,,True
A215090,솔디펜스,"=HYPERLINK(""https://stock.naver.com/domestic/stock/215090"", ""A215090"")","=HYPERLINK(""http://comp.fnguide.com/SVO2/ASP/SVD_Consensus.asp?pGB=1&gicode=A215090&cID=&MenuYn=Y&ReportGB=&NewMenuID=108&stkGb=701"", ""솔디펜스"")",3,1587,0.0,17.3,3137,2685,2526,97.69,69.17,59.19,14.76,True,0,135.0,,,"[-672.0, 496.0, 135.0, nan]","[-173.8, -72.8, nan]",0.0,,"[nan, nan, nan, -72.8, nan]",0.0,367.0,80304,"[231.0, 410.0, 522.0, nan]",31.02,"[-47.42, 34.3, 6.66, nan]","[nan, 14.11, 17.3, nan]",268.0,13.0,347742.0,,True
A464280,티디에스팜,"=HYPERLINK(""https://stock.naver.com/domestic/stock/464280"", ""A464280"")","=HYPERLINK(""http://comp.fnguide.com/SVO2/ASP/SVD_Consensus.asp?pGB=1&gicode=A464280&cID=&MenuYn=Y&ReportGB=&NewMenuID=108&stkGb=701"", ""티디에스팜"")",3,6450,0.0,12.74,9830,8904,8579,52.4,38.04,33.01,13.08,False,0,773.0,,,"[938.0, 715.0, 773.0, nan]","[-23.8, 8.1, nan]",0.0,212.9,"[67.5, 35.7, -23.8, 8.1, 212.9]",42.41514536516422,357.0,25810,"[229.0, 385.0, 428.0, nan]",46.25,"[22.73, 12.1, 10.52, nan]","[nan, 18.52, 12.74, nan]",276.0,38.0,241500.0,,True
A364950,에이아이코리아,"=HYPERLINK(""https://stock.naver.com/domestic/stock/364950"", ""A364950"")","=HYPERLINK(""http://comp.fnguide.com/SVO2/ASP/SVD_Consensus.asp?pGB=1&gicode=A364950&cID=&MenuYn=Y&ReportGB=&NewMenuID=108&stkGb=701"", ""에이아이코리아"")",3,4120,0.0,,8602,7682,7360,108.79,86.45,78.63,13.47,False,0,-94.0,,,"[579.0, 1549.0, -94.0, nan]","[167.5, -106.1, nan]",0.0,,"[71.1, -2.3, 167.6, nan, nan]",0.0,342.0,81673,"[314.0, 442.0, 570.0, nan]",31.24,"[15.88, 32.48, -1.53, nan]","[nan, nan, nan, nan]",870.0,28.0,7112.0,,True
A046310,백금T&A,"=HYPERLINK(""https://stock.naver.com/domestic/stock/046310"", ""A046310"")","=HYPERLINK(""http://comp.fnguide.com/SVO2/ASP/SVD_Consensus.asp?pGB=1&gicode=A046310&cID=&MenuYn=Y&ReportGB=&NewMenuID=108&stkGb=701"", ""백금T&A"")",3,2045,0.0,13.69,5747,5106,4882,181.02,149.69,138.72,13.62,False,0,258.0,,,"[817.0, 807.0, 258.0, nan]","[-1.2, -68.0, nan]",0.0,-49.4,"[-18.3, 182.3, -1.2, -68.1, -49.4]",-18.12973128549038,336.0,133411,"[615.0, 713.0, 731.0, nan]",25.44,"[24.22, 19.95, 5.86, nan]","[3.79, 2.72, 13.69, nan]",1489.0,68.0,336598.0,2.84,True
A033250,체시스,"=HYPERLINK(""https://stock.naver.com/domestic/stock/033250"", ""A033250"")","=HYPERLINK(""http://comp.fnguide.com/SVO2/ASP/SVD_Consensus.asp?pGB=1&gicode=A033250&cID=&MenuYn=Y&ReportGB=&NewMenuID=108&stkGb=701"", ""체시스"")",3,4215,0.0,5.11,9778,8346,7845,131.98,98.02,86.13,14.84,True,0,985.0,,,"[515.0, 949.0, 985.0, nan]","[84.3, 3.8, nan]",0.0,-8.7,"[nan, nan, nan, 3.7, -8.7]",0.0,270.0,21800,"[332.0, 386.0, 454.0, nan]",35.09,"[10.27, 16.9, 15.0, nan]","[18.81, 5.93, 5.11, nan]",938.0,75.0,,,True
A030720,동원수산,"=HYPERLINK(""https://stock.naver.com/domestic/stock/030720"", ""A030720"")","=HYPERLINK(""http://comp.fnguide.com/SVO2/ASP/SVD_Consensus.asp?pGB=1&gicode=A030720&cID=&MenuYn=Y&ReportGB=&NewMenuID=108&stkGb=701"", ""동원수산"")",3,5800,0.0,3.65,12477,12286,12219,115.13,111.83,110.68,11.09,False,0,1664.0,,,"[-3786.0, 1098.0, 1664.0, nan]","[-129.0, 51.5, nan]",0.0,78.6,"[-17.2, nan, nan, 51.5, 78.6]",0.0,270.0,29653,"[427.0, 488.0, 564.0, nan]",20.51,"[-33.44, 11.17, 14.73, nan]","[nan, 4.63, 3.65, nan]",1726.0,88.0,,,True
A290270,휴네시온,"=HYPERLINK(""https://stock.naver.com/domestic/stock/290270"", ""A290270"")","=HYPERLINK(""http://comp.fnguide.com/SVO2/ASP/SVD_Consensus.asp?pGB=1&gicode=A290270&cID=&MenuYn=Y&ReportGB=&NewMenuID=108&stkGb=701"", ""휴네시온"")",3,2725,0.0,6.39,6023,5724,5620,121.04,110.07,106.23,11.88,True,0,588.0,,,"[701.0, 415.0, 588.0, nan]","[-40.8, 41.7, nan]",0.0,,"[nan, nan, -40.9, 41.9, nan]",0.0,262.0,80624,"[419.0, 451.0, 504.0, nan]",46.84,"[17.44, 9.16, 11.83, nan]","[5.53, 7.82, 6.39, nan]",377.0,48.0,381753.0,1.33,True
A342870,오아,"=HYPERLINK(""https://stock.naver.com/domestic/stock/342870"", ""A342870"")","=HYPERLINK(""http://comp.fnguide.com/SVO2/ASP/SVD_Consensus.asp?pGB=1&gicode=A342870&cID=&MenuYn=Y&ReportGB=&NewMenuID=108&stkGb=701"", ""오아"")",3,4725,0.0,,10543,9118,8619,123.12,92.97,82.42,14.42,False,0,-606.0,,,"[641.0, 1030.0, -606.0, nan]","[60.7, -158.8, nan]",0.0,-60.6,"[nan, nan, 60.6, nan, -60.6]",0.0,258.0,5765,"[162.0, 255.0, 429.0, nan]",47.33,"[20.39, 33.08, -9.73, nan]","[nan, nan, nan, nan]",1033.0,82.0,,,True
A290560,파라택시스이더리움,"=HYPERLINK(""https://stock.naver.com/domestic/stock/290560"", ""A290560"")","=HYPERLINK(""http://comp.fnguide.com/SVO2/ASP/SVD_Consensus.asp?pGB=1&gicode=A290560&cID=&MenuYn=Y&ReportGB=&NewMenuID=108&stkGb=701"", ""파라택시스이더리움"")",3,1035,0.0,8.93,1208,1202,1199,16.73,16.09,15.87,10.88,True,0,176.0,,,"[-1.0, 129.0, 176.0, nan]","[-13000.0, 36.4, nan]",0.0,,"[78.1, nan, nan, 35.7, nan]",0.0,231.0,64723,"[191.0, 225.0, 263.0, nan]",56.0,"[-0.12, 12.08, 13.71, nan]","[nan, 9.08, 8.93, nan]",140.0,36.0,368935.0,,True
A267790,배럴,"=HYPERLINK(""https://stock.naver.com/domestic/stock/267790"", ""A267790"")","=HYPERLINK(""http://comp.fnguide.com/SVO2/ASP/SVD_Consensus.asp?pGB=1&gicode=A267790&cID=&MenuYn=Y&ReportGB=&NewMenuID=108&stkGb=701"", ""배럴"")",3,2910,0.0,8.08,6792,6430,6303,133.42,120.95,116.59,11.97,False,0,469.0,,,"[763.0, 541.0, 469.0, nan]","[-29.1, -13.3, nan]",0.0,,"[nan, nan, -29.1, -13.3, nan]",0.0,224.0,14207,"[397.0, 440.0, 470.0, nan]",48.95,"[19.47, 11.95, 9.48, nan]","[10.1, 8.56, 8.08, nan]",592.0,66.0,,1.98,True
A053060,세동,"=HYPERLINK(""https://stock.naver.com/domestic/stock/053060"", ""A053060"")","=HYPERLINK(""http://comp.fnguide.com/SVO2/ASP/SVD_Consensus.asp?pGB=1&gicode=A053060&cID=&MenuYn=Y&ReportGB=&NewMenuID=108&stkGb=701"", ""세동"")",3,1262,0.0,3.85,2704,2479,2400,114.24,96.44,90.2,12.76,True,0,333.0,,,"[555.0, -65.0, 333.0, nan]","[-111.7, -612.3, nan]",0.0,40.6,"[nan, -21.7, nan, nan, 40.6]",0.0,223.0,134704,"[374.0, 351.0, 403.0, nan]",28.32,"[29.75, -3.18, 15.6, nan]","[3.38, nan, 3.85, nan]",1894.0,91.0,537.0,,True
A067730,로지시스,"=HYPERLINK(""https://stock.naver.com/domestic/stock/067730"", ""A067730"")","=HYPERLINK(""http://comp.fnguide.com/SVO2/ASP/SVD_Consensus.asp?pGB=1&gicode=A067730&cID=&MenuYn=Y&ReportGB=&NewMenuID=108&stkGb=701"", ""로지시스"")",3,2245,0.0,7.8,2685,2411,2315,19.59,7.38,3.1,13.32,True,0,342.0,,,"[53.0, 249.0, 342.0, nan]","[369.8, 37.3, nan]",0.0,7.8,"[-90.2, 152.5, 367.7, 36.9, 7.8]",11.300062294306557,217.0,104853,"[170.0, 187.0, 210.0, nan]",55.01,"[3.03, 13.5, 16.63, nan]","[67.77, 11.28, 7.8, nan]",485.0,29.0,,5.63,True
A139670,키네마스터,"=HYPERLINK(""https://stock.naver.com/domestic/stock/139670"", ""A139670"")","=HYPERLINK(""http://comp.fnguide.com/SVO2/ASP/SVD_Consensus.asp?pGB=1&gicode=A139670&cID=&MenuYn=Y&ReportGB=&NewMenuID=108&stkGb=701"", ""키네마스터"")",3,1512,0.0,10.79,3032,2374,2144,100.51,57.03,41.81,18.15,True,0,241.0,,,"[186.0, 310.0, 241.0, nan]","[66.7, -22.3, nan]",0.0,44.5,"[nan, nan, 66.9, -22.4, 44.5]",0.0,213.0,38880,"[167.0, 219.0, 254.0, nan]",32.18,"[20.02, 22.78, 14.44, nan]","[25.21, 9.26, 10.79, nan]",123.0,9.0,,,True
A080470,성창오토텍,"=HYPERLINK(""https://stock.naver.com/domestic/stock/080470"", ""A080470"")","=HYPERLINK(""http://comp.fnguide.com/SVO2/ASP/SVD_Consensus.asp?pGB=1&gicode=A080470&cID=&MenuYn=Y&ReportGB=&NewMenuID=108&stkGb=701"", ""성창오토텍"")",3,2880,0.0,3.46,10055,9105,8773,249.13,216.15,204.61,13.09,True,0,1163.0,,,"[753.0, 748.0, 1163.0, nan]","[-0.7, 55.5, nan]",0.0,-5.6,"[-39.2, 134.6, -0.8, 55.6, -5.6]",15.756388639797049,210.0,24821,"[481.0, 530.0, 604.0, nan]",52.38,"[11.96, 10.8, 14.99, nan]","[6.68, 4.78, 3.46, nan]",2435.0,116.0,,1.74,True
A113810,디젠스,"=HYPERLINK(""https://stock.naver.com/domestic/stock/113810"", ""A113810"")","=HYPERLINK(""http://comp.fnguide.com/SVO2/ASP/SVD_Consensus.asp?pGB=1&gicode=A113810&cID=&MenuYn=Y&ReportGB=&NewMenuID=108&stkGb=701"", ""디젠스"")",3,561,0.0,34.61,818,772,756,45.83,37.69,34.84,12.03,False,0,23.0,,,"[91.0, 138.0, 23.0, nan]","[51.6, -83.3, nan]",0.0,-3.5,"[nan, nan, 51.5, -83.5, -3.5]",0.0,183.0,1028081,"[177.0, 222.0, 239.0, nan]",34.92,"[17.45, 22.53, 3.22, nan]","[12.95, 11.56, 34.61, nan]",804.0,10.0,,,True
A177350,베셀,"=HYPERLINK(""https://stock.naver.com/domestic/stock/177350"", ""A177350"")","=HYPERLINK(""http://comp.fnguide.com/SVO2/ASP/SVD_Consensus.asp?pGB=1&gicode=A177350&cID=&MenuYn=Y&ReportGB=&NewMenuID=108&stkGb=701"", ""베셀"")",3,651,0.0,1.36,5489,3682,3050,743.1,465.61,368.48,28.13,True,0,900.0,,,"[-2896.0, -619.0, 900.0, nan]","[-78.6, -245.4, nan]",0.0,,"[nan, nan, nan, nan, nan]",0.0,128.0,184784,"[265.0, 215.0, 413.0, nan]",28.43,"[-83.47, -43.79, 56.26, nan]","[nan, nan, 1.36, nan]",166.0,-26.0,,,True
